RewriteEngine On
CheckSpelling On
CheckCaseOnly On
RewriteCond %{REQUEST_FILENAME} !-d
RewriteCond %{REQUEST_FILENAME}\.html -f
RewriteRule ^(.*)$ $1.html
RewriteRule ^(.*)index(.*)$ https://wiki.basgrospoing.fr/index.html [L,R=301]
RewriteRule ^(.*)The_King_of_Fighters_XI(.*)$ https://wiki.basgrospoing.fr/the-king-of-fighters-xi.html [L,R=301]
RewriteRule ^(.*)Kofxi(.*)$ https://wiki.basgrospoing.fr/the-king-of-fighters-xi.html [L,R=301]
RewriteRule ^(.*)'Riot_Of_The_Blood'_Iori_Yagami_(98um)(.*)$ https://wiki.basgrospoing.fr/riot-of-the-blood-iori-yagami-98um.html [L,R=301]
RewriteRule ^(.*)'Riot_Of_The_Blood'_Leona_Heidern_(98um)(.*)$ https://wiki.basgrospoing.fr/riot-of-the-blood-leona-heidern-98um.html [L,R=301]
RewriteRule ^(.*)ABK/Adler(.*)$ https://wiki.basgrospoing.fr/abk-adler.html [L,R=301]
RewriteRule ^(.*)ABK/Akatsuki(.*)$ https://wiki.basgrospoing.fr/abk-akatsuki.html [L,R=301]
RewriteRule ^(.*)ABK/Anonym(.*)$ https://wiki.basgrospoing.fr/abk-anonym.html [L,R=301]
RewriteRule ^(.*)ABK/Blitztank(.*)$ https://wiki.basgrospoing.fr/abk-blitztank.html [L,R=301]
RewriteRule ^(.*)ABK/Elektrosoldat(.*)$ https://wiki.basgrospoing.fr/abk-elektrosoldat.html [L,R=301]
RewriteRule ^(.*)ABK/FAQ(.*)$ https://wiki.basgrospoing.fr/abk-faq.html [L,R=301]
RewriteRule ^(.*)ABK/Fritz(.*)$ https://wiki.basgrospoing.fr/abk-fritz.html [L,R=301]
RewriteRule ^(.*)ABK/Kanae(.*)$ https://wiki.basgrospoing.fr/abk-kanae.html [L,R=301]
RewriteRule ^(.*)ABK/Marylin_Sue(.*)$ https://wiki.basgrospoing.fr/abk-marylin-sue.html [L,R=301]
RewriteRule ^(.*)ABK/Murakumo(.*)$ https://wiki.basgrospoing.fr/abk-murakumo.html [L,R=301]
RewriteRule ^(.*)ABK/Mycale(.*)$ https://wiki.basgrospoing.fr/abk-mycale.html [L,R=301]
RewriteRule ^(.*)ABK/Sai(.*)$ https://wiki.basgrospoing.fr/abk-sai.html [L,R=301]
RewriteRule ^(.*)ABK/Wei(.*)$ https://wiki.basgrospoing.fr/abk-wei.html [L,R=301]
RewriteRule ^(.*)Abel_(SFxT)(.*)$ https://wiki.basgrospoing.fr/abel-sfxt.html [L,R=301]
RewriteRule ^(.*)Abel_(SSFIV)(.*)$ https://wiki.basgrospoing.fr/abel-ssfiv.html [L,R=301]
RewriteRule ^(.*)Adon_(SSFIV)(.*)$ https://wiki.basgrospoing.fr/adon-ssfiv.html [L,R=301]
RewriteRule ^(.*)Akatsuki_Blitzkampf(.*)$ https://wiki.basgrospoing.fr/akatsuki-blitzkampf.html [L,R=301]
RewriteRule ^(.*)Akuma_(3S)(.*)$ https://wiki.basgrospoing.fr/akuma-3s.html [L,R=301]
RewriteRule ^(.*)Akuma_(SFxT)(.*)$ https://wiki.basgrospoing.fr/akuma-sfxt.html [L,R=301]
RewriteRule ^(.*)Akuma_(SSFIV)(.*)$ https://wiki.basgrospoing.fr/akuma-ssfiv.html [L,R=301]
RewriteRule ^(.*)Akuma_(ST)(.*)$ https://wiki.basgrospoing.fr/akuma-st.html [L,R=301]
RewriteRule ^(.*)Akuma_(UMVC3)(.*)$ https://wiki.basgrospoing.fr/akuma-umvc3.html [L,R=301]
RewriteRule ^(.*)Alex_(3S)(.*)$ https://wiki.basgrospoing.fr/alex-3s.html [L,R=301]
RewriteRule ^(.*)Alex_(TvC:UAS)(.*)$ https://wiki.basgrospoing.fr/alex-tvc-uas.html [L,R=301]
RewriteRule ^(.*)Amaterasu_(UMVC3)(.*)$ https://wiki.basgrospoing.fr/amaterasu-umvc3.html [L,R=301]
RewriteRule ^(.*)Andy(.*)$ https://wiki.basgrospoing.fr/andy.html [L,R=301]
RewriteRule ^(.*)Andy_Bogard_(2k2um)(.*)$ https://wiki.basgrospoing.fr/andy-bogard-2k2um.html [L,R=301]
RewriteRule ^(.*)Andy_Bogard(.*)$ https://wiki.basgrospoing.fr/andy-bogard-2k2um.html [L,R=301]
RewriteRule ^(.*)Andy_Bogard_(98um)(.*)$ https://wiki.basgrospoing.fr/andy-bogard-98um.html [L,R=301]
RewriteRule ^(.*)Andy_Bogard_(Fatal_Fury_Special)(.*)$ https://wiki.basgrospoing.fr/andy-bogard-fatal-fury-special.html [L,R=301]
RewriteRule ^(.*)Andy_Bogard_(KoF_'95)_(98um)(.*)$ https://wiki.basgrospoing.fr/andy-bogard-kof-95-98um.html [L,R=301]
RewriteRule ^(.*)Andy_Bogard_(KoF_'98)(.*)$ https://wiki.basgrospoing.fr/andy-bogard-kof-98.html [L,R=301]
RewriteRule ^(.*)Andy_Bogard_(Real_Bout_2_Era)_(KoF_'98)(.*)$ https://wiki.basgrospoing.fr/andy-bogard-real-bout-2-era-kof-98.html [L,R=301]
RewriteRule ^(.*)Andy_Bogard_(kof13)(.*)$ https://wiki.basgrospoing.fr/andy-bogard-kof13.html [L,R=301]
RewriteRule ^(.*)Angel_(2k2um)(.*)$ https://wiki.basgrospoing.fr/angel-2k2um.html [L,R=301]
RewriteRule ^(.*)Angel(.*)$ https://wiki.basgrospoing.fr/angel-2k2um.html [L,R=301]
RewriteRule ^(.*)Arakune_(BBCS)(.*)$ https://wiki.basgrospoing.fr/arakune-bbcs.html [L,R=301]
RewriteRule ^(.*)Arcana_Heart_3(.*)$ https://wiki.basgrospoing.fr/arcana-heart-3.html [L,R=301]
RewriteRule ^(.*)Arthur_(UMVC3)(.*)$ https://wiki.basgrospoing.fr/arthur-umvc3.html [L,R=301]
RewriteRule ^(.*)Ash_(kof13)(.*)$ https://wiki.basgrospoing.fr/ash-kof13.html [L,R=301]
RewriteRule ^(.*)Ash_(KOF_XIII)(.*)$ https://wiki.basgrospoing.fr/ash-kof13.html [L,R=301]
RewriteRule ^(.*)Asuka_(SFxT)(.*)$ https://wiki.basgrospoing.fr/asuka-sfxt.html [L,R=301]
RewriteRule ^(.*)Athena_(2k2um)(.*)$ https://wiki.basgrospoing.fr/athena-2k2um.html [L,R=301]
RewriteRule ^(.*)Athena(.*)$ https://wiki.basgrospoing.fr/athena-2k2um.html [L,R=301]
RewriteRule ^(.*)Athena_Asamiya_(2k2um)(.*)$ https://wiki.basgrospoing.fr/athena-asamiya-2k2um.html [L,R=301]
RewriteRule ^(.*)Athena_Asamiya_(98um)(.*)$ https://wiki.basgrospoing.fr/athena-asamiya-98um.html [L,R=301]
RewriteRule ^(.*)Athena_Asamiya_(KoF_'98)(.*)$ https://wiki.basgrospoing.fr/athena-asamiya-kof-98.html [L,R=301]
RewriteRule ^(.*)Athena_Asamiya_(kof13)(.*)$ https://wiki.basgrospoing.fr/athena-asamiya-kof13.html [L,R=301]
RewriteRule ^(.*)Attaque(.*)$ https://wiki.basgrospoing.fr/attaque.html [L,R=301]
RewriteRule ^(.*)Aveline(.*)$ https://wiki.basgrospoing.fr/aveline.html [L,R=301]
RewriteRule ^(.*)Axel_Hawk_(Fatal_Fury_Special)(.*)$ https://wiki.basgrospoing.fr/axel-hawk-fatal-fury-special.html [L,R=301]
RewriteRule ^(.*)B._Jenet_(Garou)(.*)$ https://wiki.basgrospoing.fr/b-jenet-garou.html [L,R=301]
RewriteRule ^(.*)Balrog_(SFxT)(.*)$ https://wiki.basgrospoing.fr/balrog-sfxt.html [L,R=301]
RewriteRule ^(.*)Balrog_(SSFIV)(.*)$ https://wiki.basgrospoing.fr/balrog-ssfiv.html [L,R=301]
RewriteRule ^(.*)Balrog_(ST)(.*)$ https://wiki.basgrospoing.fr/balrog-st.html [L,R=301]
RewriteRule ^(.*)Bang_Shishigami_(BBCS)(.*)$ https://wiki.basgrospoing.fr/bang-shishigami-bbcs.html [L,R=301]
RewriteRule ^(.*)Bao_(2k2um)(.*)$ https://wiki.basgrospoing.fr/bao-2k2um.html [L,R=301]
RewriteRule ^(.*)Batsu_Ichimonji_(TvC:UAS)(.*)$ https://wiki.basgrospoing.fr/batsu-ichimonji-tvc-uas.html [L,R=301]
RewriteRule ^(.*)Beach(.*)$ https://wiki.basgrospoing.fr/beach.html [L,R=301]
RewriteRule ^(.*)Beeho_Yoo(.*)$ https://wiki.basgrospoing.fr/beeho-yoo.html [L,R=301]
RewriteRule ^(.*)Benimaru(.*)$ https://wiki.basgrospoing.fr/benimaru.html [L,R=301]
RewriteRule ^(.*)Benimaru_Nikaido_(2k2um)(.*)$ https://wiki.basgrospoing.fr/benimaru-nikaido-2k2um.html [L,R=301]
RewriteRule ^(.*)Benimaru_Nikaido(.*)$ https://wiki.basgrospoing.fr/benimaru-nikaido-2k2um.html [L,R=301]
RewriteRule ^(.*)Benimaru_Nikaido_(98um)(.*)$ https://wiki.basgrospoing.fr/benimaru-nikaido-98um.html [L,R=301]
RewriteRule ^(.*)Benimaru_Nikaido_(KoF_'98)(.*)$ https://wiki.basgrospoing.fr/benimaru-nikaido-kof-98.html [L,R=301]
RewriteRule ^(.*)Benimaru_Nikaido_(kof13)(.*)$ https://wiki.basgrospoing.fr/benimaru-nikaido-kof13.html [L,R=301]
RewriteRule ^(.*)Big_Bear_(Fatal_Fury_Special)(.*)$ https://wiki.basgrospoing.fr/big-bear-fatal-fury-special.html [L,R=301]
RewriteRule ^(.*)Billy_Kane_(2k2um)(.*)$ https://wiki.basgrospoing.fr/billy-kane-2k2um.html [L,R=301]
RewriteRule ^(.*)Billy_Kane(.*)$ https://wiki.basgrospoing.fr/billy-kane-2k2um.html [L,R=301]
RewriteRule ^(.*)Billy_Kane_(98um)(.*)$ https://wiki.basgrospoing.fr/billy-kane-98um.html [L,R=301]
RewriteRule ^(.*)Billy_Kane_(Fatal_Fury_Special)(.*)$ https://wiki.basgrospoing.fr/billy-kane-fatal-fury-special.html [L,R=301]
RewriteRule ^(.*)Billy_Kane_(KoF_'98)(.*)$ https://wiki.basgrospoing.fr/billy-kane-kof-98.html [L,R=301]
RewriteRule ^(.*)Billy_Kane_(Real_Bout_2-Era)_(KoF_'98)(.*)$ https://wiki.basgrospoing.fr/billy-kane-real-bout-2-era-kof-98.html [L,R=301]
RewriteRule ^(.*)Billy_Kane_(Real_Bout_Fatal_Fury_version)_(98um)(.*)$ https://wiki.basgrospoing.fr/billy-kane-real-bout-fatal-fury-version-98um.html [L,R=301]
RewriteRule ^(.*)Birdie_(Street_Fighter_Alpha_3)(.*)$ https://wiki.basgrospoing.fr/birdie-street-fighter-alpha-3.html [L,R=301]
RewriteRule ^(.*)Blanka_(SSFIV)(.*)$ https://wiki.basgrospoing.fr/blanka-ssfiv.html [L,R=301]
RewriteRule ^(.*)Blanka_(ST)(.*)$ https://wiki.basgrospoing.fr/blanka-st.html [L,R=301]
RewriteRule ^(.*)BlazBlue_:_Continuum_Shift(.*)$ https://wiki.basgrospoing.fr/blazblue-continuum-shift.html [L,R=301]
RewriteRule ^(.*)Blazblue_:_Continuum_Shift(.*)$ https://wiki.basgrospoing.fr/blazblue-continuum-shift.html [L,R=301]
RewriteRule ^(.*)Blue_Mary_(2k2um)(.*)$ https://wiki.basgrospoing.fr/blue-mary-2k2um.html [L,R=301]
RewriteRule ^(.*)Blue_Mary(.*)$ https://wiki.basgrospoing.fr/blue-mary-2k2um.html [L,R=301]
RewriteRule ^(.*)Blue_Mary_(98um)(.*)$ https://wiki.basgrospoing.fr/blue-mary-98um.html [L,R=301]
RewriteRule ^(.*)Blue_Mary_(KoF_'98)(.*)$ https://wiki.basgrospoing.fr/blue-mary-kof-98.html [L,R=301]
RewriteRule ^(.*)Blue_Mary_(RBFF_version)_(98um)(.*)$ https://wiki.basgrospoing.fr/blue-mary-rbff-version-98um.html [L,R=301]
RewriteRule ^(.*)Bob_(SFxT)(.*)$ https://wiki.basgrospoing.fr/bob-sfxt.html [L,R=301]
RewriteRule ^(.*)Brian_Battler_(98um)(.*)$ https://wiki.basgrospoing.fr/brian-battler-98um.html [L,R=301]
RewriteRule ^(.*)Brian_Battler_(KoF_'98)(.*)$ https://wiki.basgrospoing.fr/brian-battler-kof-98.html [L,R=301]
RewriteRule ^(.*)C._Viper_(SSFIV)(.*)$ https://wiki.basgrospoing.fr/c-viper-ssfiv.html [L,R=301]
RewriteRule ^(.*)C._Viper_(UMVC3)(.*)$ https://wiki.basgrospoing.fr/c-viper-umvc3.html [L,R=301]
RewriteRule ^(.*)Cammy_(SFxT)(.*)$ https://wiki.basgrospoing.fr/cammy-sfxt.html [L,R=301]
RewriteRule ^(.*)Cammy_(SSFIV)(.*)$ https://wiki.basgrospoing.fr/cammy-ssfiv.html [L,R=301]
RewriteRule ^(.*)Cammy_(ST)(.*)$ https://wiki.basgrospoing.fr/cammy-st.html [L,R=301]
RewriteRule ^(.*)Capcom_vs_SNK_2(.*)$ https://wiki.basgrospoing.fr/capcom-vs-snk-2.html [L,R=301]
RewriteRule ^(.*)Carl_Clover_(BBCS)(.*)$ https://wiki.basgrospoing.fr/carl-clover-bbcs.html [L,R=301]
RewriteRule ^(.*)Casshan_(TvC:UAS)(.*)$ https://wiki.basgrospoing.fr/casshan-tvc-uas.html [L,R=301]
RewriteRule ^(.*)Chang_(2k2um)(.*)$ https://wiki.basgrospoing.fr/chang-2k2um.html [L,R=301]
RewriteRule ^(.*)Chang(.*)$ https://wiki.basgrospoing.fr/chang-2k2um.html [L,R=301]
RewriteRule ^(.*)Chang_Koehan_(2k2um)(.*)$ https://wiki.basgrospoing.fr/chang-koehan-2k2um.html [L,R=301]
RewriteRule ^(.*)Chang_Koehan_(98um)(.*)$ https://wiki.basgrospoing.fr/chang-koehan-98um.html [L,R=301]
RewriteRule ^(.*)Chang_Koehan_(KoF_'98)(.*)$ https://wiki.basgrospoing.fr/chang-koehan-kof-98.html [L,R=301]
RewriteRule ^(.*)Cheng_Sinzan_(Fatal_Fury_Special)(.*)$ https://wiki.basgrospoing.fr/cheng-sinzan-fatal-fury-special.html [L,R=301]
RewriteRule ^(.*)Chin(kof13)(.*)$ https://wiki.basgrospoing.fr/chin-kof13.html [L,R=301]
RewriteRule ^(.*)Chin_(2k2um)(.*)$ https://wiki.basgrospoing.fr/chin-2k2um.html [L,R=301]
RewriteRule ^(.*)Chin(.*)$ https://wiki.basgrospoing.fr/chin-2k2um.html [L,R=301]
RewriteRule ^(.*)Chin_Gentsai_(2k2um)(.*)$ https://wiki.basgrospoing.fr/chin-gentsai-2k2um.html [L,R=301]
RewriteRule ^(.*)Chin_Gentsai_(98um)(.*)$ https://wiki.basgrospoing.fr/chin-gentsai-98um.html [L,R=301]
RewriteRule ^(.*)Chin_Gentsai_(KoF_'98)(.*)$ https://wiki.basgrospoing.fr/chin-gentsai-kof-98.html [L,R=301]
RewriteRule ^(.*)Chizuru_Kagura_(98um)(.*)$ https://wiki.basgrospoing.fr/chizuru-kagura-98um.html [L,R=301]
RewriteRule ^(.*)Chizuru_Kagura_(KoF_'98)(.*)$ https://wiki.basgrospoing.fr/chizuru-kagura-kof-98.html [L,R=301]
RewriteRule ^(.*)Choi_(2k2um)(.*)$ https://wiki.basgrospoing.fr/choi-2k2um.html [L,R=301]
RewriteRule ^(.*)Choi(.*)$ https://wiki.basgrospoing.fr/choi-2k2um.html [L,R=301]
RewriteRule ^(.*)Choi_Bounge_(2k2um)(.*)$ https://wiki.basgrospoing.fr/choi-bounge-2k2um.html [L,R=301]
RewriteRule ^(.*)Choi_Bounge_(98um)(.*)$ https://wiki.basgrospoing.fr/choi-bounge-98um.html [L,R=301]
RewriteRule ^(.*)Choi_Bounge_(KoF_'98)(.*)$ https://wiki.basgrospoing.fr/choi-bounge-kof-98.html [L,R=301]
RewriteRule ^(.*)Chris_(2k2um)(.*)$ https://wiki.basgrospoing.fr/chris-2k2um.html [L,R=301]
RewriteRule ^(.*)Chris(.*)$ https://wiki.basgrospoing.fr/chris-2k2um.html [L,R=301]
RewriteRule ^(.*)Chris_(98um)(.*)$ https://wiki.basgrospoing.fr/chris-98um.html [L,R=301]
RewriteRule ^(.*)Chris_(KoF_'98)(.*)$ https://wiki.basgrospoing.fr/chris-kof-98.html [L,R=301]
RewriteRule ^(.*)Chris_(UMVC3)(.*)$ https://wiki.basgrospoing.fr/chris-umvc3.html [L,R=301]
RewriteRule ^(.*)Chun-Li_(3S)(.*)$ https://wiki.basgrospoing.fr/chun-li-3s.html [L,R=301]
RewriteRule ^(.*)Chun-Li_(SSFIV)(.*)$ https://wiki.basgrospoing.fr/chun-li-ssfiv.html [L,R=301]
RewriteRule ^(.*)Chun-Li_(TvC:UAS)(.*)$ https://wiki.basgrospoing.fr/chun-li-tvc-uas.html [L,R=301]
RewriteRule ^(.*)ChunLi_(ST)(.*)$ https://wiki.basgrospoing.fr/chunli-st.html [L,R=301]
RewriteRule ^(.*)ChunLi_(Street_Fighter_Alpha_3)(.*)$ https://wiki.basgrospoing.fr/chunli-street-fighter-alpha-3.html [L,R=301]
RewriteRule ^(.*)Chun_Li_(SFxT)(.*)$ https://wiki.basgrospoing.fr/chun-li-sfxt.html [L,R=301]
RewriteRule ^(.*)Chun_Li_(UMVC3)(.*)$ https://wiki.basgrospoing.fr/chun-li-umvc3.html [L,R=301]
RewriteRule ^(.*)Clark_(2k2um)(.*)$ https://wiki.basgrospoing.fr/clark-2k2um.html [L,R=301]
RewriteRule ^(.*)Clark(.*)$ https://wiki.basgrospoing.fr/clark-2k2um.html [L,R=301]
RewriteRule ^(.*)Clark_Steel_(2k2um)(.*)$ https://wiki.basgrospoing.fr/clark-steel-2k2um.html [L,R=301]
RewriteRule ^(.*)Clark_Steel_(kof13)(.*)$ https://wiki.basgrospoing.fr/clark-steel-kof13.html [L,R=301]
RewriteRule ^(.*)Clark_Steele_(KoF_'98)(.*)$ https://wiki.basgrospoing.fr/clark-steele-kof-98.html [L,R=301]
RewriteRule ^(.*)Clark_Still_(98um)(.*)$ https://wiki.basgrospoing.fr/clark-still-98um.html [L,R=301]
RewriteRule ^(.*)Clay(.*)$ https://wiki.basgrospoing.fr/clay.html [L,R=301]
RewriteRule ^(.*)Clone_Zero_(2k2um)(.*)$ https://wiki.basgrospoing.fr/clone-zero-2k2um.html [L,R=301]
RewriteRule ^(.*)Clown_(KR)(.*)$ https://wiki.basgrospoing.fr/clown-kr.html [L,R=301]
RewriteRule ^(.*)Cody_(SSFIV)(.*)$ https://wiki.basgrospoing.fr/cody-ssfiv.html [L,R=301]
RewriteRule ^(.*)Cody_(Street_Fighter_Alpha_3)(.*)$ https://wiki.basgrospoing.fr/cody-street-fighter-alpha-3.html [L,R=301]
RewriteRule ^(.*)Comment_contribuer_?(.*)$ https://wiki.basgrospoing.fr/comment-contribuer.html [L,R=301]
RewriteRule ^(.*)Comprendre_le_jeu_de_combat_3D(.*)$ https://wiki.basgrospoing.fr/comprendre-le-jeu-de-combat-3d.html [L,R=301]
RewriteRule ^(.*)Concrete(.*)$ https://wiki.basgrospoing.fr/concrete.html [L,R=301]
RewriteRule ^(.*)Dan_(SSFIV)(.*)$ https://wiki.basgrospoing.fr/dan-ssfiv.html [L,R=301]
RewriteRule ^(.*)Dan_(Street_Fighter_Alpha_3)(.*)$ https://wiki.basgrospoing.fr/dan-street-fighter-alpha-3.html [L,R=301]
RewriteRule ^(.*)Dante_(UMVC3)(.*)$ https://wiki.basgrospoing.fr/dante-umvc3.html [L,R=301]
RewriteRule ^(.*)DeeJay_(2X)(.*)$ https://wiki.basgrospoing.fr/deejay-2x.html [L,R=301]
RewriteRule ^(.*)Deejay_(SSFIV)(.*)$ https://wiki.basgrospoing.fr/deejay-ssfiv.html [L,R=301]
RewriteRule ^(.*)Dhalsim_(2X)(.*)$ https://wiki.basgrospoing.fr/dhalsim-2x.html [L,R=301]
RewriteRule ^(.*)Dhalsim_(SFxT)(.*)$ https://wiki.basgrospoing.fr/dhalsim-sfxt.html [L,R=301]
RewriteRule ^(.*)Dhalsim_(SSFIV)(.*)$ https://wiki.basgrospoing.fr/dhalsim-ssfiv.html [L,R=301]
RewriteRule ^(.*)Diezel_Sun_(concepteur_de_jeu)(.*)$ https://wiki.basgrospoing.fr/diezel-sun-concepteur-de-jeu.html [L,R=301]
RewriteRule ^(.*)Doronjo_(TvC:UAS)(.*)$ https://wiki.basgrospoing.fr/doronjo-tvc-uas.html [L,R=301]
RewriteRule ^(.*)Duck_King_(Fatal_Fury_Special)(.*)$ https://wiki.basgrospoing.fr/duck-king-fatal-fury-special.html [L,R=301]
RewriteRule ^(.*)Dudley_(3S)(.*)$ https://wiki.basgrospoing.fr/dudley-3s.html [L,R=301]
RewriteRule ^(.*)Dudley_(SSFIV)(.*)$ https://wiki.basgrospoing.fr/dudley-ssfiv.html [L,R=301]
RewriteRule ^(.*)Duo_Lon_(kof13)(.*)$ https://wiki.basgrospoing.fr/duo-lon-kof13.html [L,R=301]
RewriteRule ^(.*)Défense(.*)$ https://wiki.basgrospoing.fr/defense.html [L,R=301]
RewriteRule ^(.*)E._Honda_(2X)(.*)$ https://wiki.basgrospoing.fr/e-honda-2x.html [L,R=301]
RewriteRule ^(.*)E._Honda_(SSFIV)(.*)$ https://wiki.basgrospoing.fr/e-honda-ssfiv.html [L,R=301]
RewriteRule ^(.*)EX_Geese_(2k2um)(.*)$ https://wiki.basgrospoing.fr/ex-geese-2k2um.html [L,R=301]
RewriteRule ^(.*)EX_Kensou_(2k2um)(.*)$ https://wiki.basgrospoing.fr/ex-kensou-2k2um.html [L,R=301]
RewriteRule ^(.*)EX_Robert_(2k2um)(.*)$ https://wiki.basgrospoing.fr/ex-robert-2k2um.html [L,R=301]
RewriteRule ^(.*)EX_Takuma_(2k2um)(.*)$ https://wiki.basgrospoing.fr/ex-takuma-2k2um.html [L,R=301]
RewriteRule ^(.*)Eiji_Kisaragi_(98um)(.*)$ https://wiki.basgrospoing.fr/eiji-kisaragi-98um.html [L,R=301]
RewriteRule ^(.*)El_Fuerte_(SSFIV)(.*)$ https://wiki.basgrospoing.fr/el-fuerte-ssfiv.html [L,R=301]
RewriteRule ^(.*)Elena_(3S)(.*)$ https://wiki.basgrospoing.fr/elena-3s.html [L,R=301]
RewriteRule ^(.*)Elisabeth_(kof13)(.*)$ https://wiki.basgrospoing.fr/elisabeth-kof13.html [L,R=301]
RewriteRule ^(.*)Evil_Ryu_(SSFIV)(.*)$ https://wiki.basgrospoing.fr/evil-ryu-ssfiv.html [L,R=301]
RewriteRule ^(.*)ExtremeDayTradingReview3218(.*)$ https://wiki.basgrospoing.fr/extremedaytradingreview3218.html [L,R=301]
RewriteRule ^(.*)Fatal_Fury_Special(.*)$ https://wiki.basgrospoing.fr/fatal-fury-special.html [L,R=301]
RewriteRule ^(.*)Fei_Long_(2X)(.*)$ https://wiki.basgrospoing.fr/fei-long-2x.html [L,R=301]
RewriteRule ^(.*)Fei_Long_(SSFIV)(.*)$ https://wiki.basgrospoing.fr/fei-long-ssfiv.html [L,R=301]
RewriteRule ^(.*)Felicia_(UMVC3)(.*)$ https://wiki.basgrospoing.fr/felicia-umvc3.html [L,R=301]
RewriteRule ^(.*)Firebrand_(UMVC3)(.*)$ https://wiki.basgrospoing.fr/firebrand-umvc3.html [L,R=301]
RewriteRule ^(.*)Foxy_(2k2um)(.*)$ https://wiki.basgrospoing.fr/foxy-2k2um.html [L,R=301]
RewriteRule ^(.*)Frank_West_(TvC:UAS)(.*)$ https://wiki.basgrospoing.fr/frank-west-tvc-uas.html [L,R=301]
RewriteRule ^(.*)Frank_West_(UMVC3)(.*)$ https://wiki.basgrospoing.fr/frank-west-umvc3.html [L,R=301]
RewriteRule ^(.*)Freeman_(Garou)(.*)$ https://wiki.basgrospoing.fr/freeman-garou.html [L,R=301]
RewriteRule ^(.*)Garou_:_Mark_of_the_Wolves(.*)$ https://wiki.basgrospoing.fr/garou-mark-of-the-wolves.html [L,R=301]
RewriteRule ^(.*)Gary_Scott(.*)$ https://wiki.basgrospoing.fr/gary-scott.html [L,R=301]
RewriteRule ^(.*)Gato_(Garou)(.*)$ https://wiki.basgrospoing.fr/gato-garou.html [L,R=301]
RewriteRule ^(.*)Geese_(2k2um)(.*)$ https://wiki.basgrospoing.fr/geese-2k2um.html [L,R=301]
RewriteRule ^(.*)Geese_Howard_(98um)(.*)$ https://wiki.basgrospoing.fr/geese-howard-98um.html [L,R=301]
RewriteRule ^(.*)Geese_Howard_(Fatal_Fury_Special)(.*)$ https://wiki.basgrospoing.fr/geese-howard-fatal-fury-special.html [L,R=301]
RewriteRule ^(.*)Geese_Howard_(RBFF_version)_(98um)(.*)$ https://wiki.basgrospoing.fr/geese-howard-rbff-version-98um.html [L,R=301]
RewriteRule ^(.*)Gen_(SSFIV)(.*)$ https://wiki.basgrospoing.fr/gen-ssfiv.html [L,R=301]
RewriteRule ^(.*)Gill_(3S)(.*)$ https://wiki.basgrospoing.fr/gill-3s.html [L,R=301]
RewriteRule ^(.*)Glossaire(.*)$ https://wiki.basgrospoing.fr/glossaire.html [L,R=301]
RewriteRule ^(.*)Glossaire_UMVC3(.*)$ https://wiki.basgrospoing.fr/glossaire-umvc3.html [L,R=301]
RewriteRule ^(.*)Goenitz_(2k2um)(.*)$ https://wiki.basgrospoing.fr/goenitz-2k2um.html [L,R=301]
RewriteRule ^(.*)Goenitz_(98um)(.*)$ https://wiki.basgrospoing.fr/goenitz-98um.html [L,R=301]
RewriteRule ^(.*)Gold_Lightan_(TvC:UAS)(.*)$ https://wiki.basgrospoing.fr/gold-lightan-tvc-uas.html [L,R=301]
RewriteRule ^(.*)Goro_Daimon_(2k2um)(.*)$ https://wiki.basgrospoing.fr/goro-daimon-2k2um.html [L,R=301]
RewriteRule ^(.*)Goro_Daimon(.*)$ https://wiki.basgrospoing.fr/goro-daimon-2k2um.html [L,R=301]
RewriteRule ^(.*)Goro_Daimon_(98um)(.*)$ https://wiki.basgrospoing.fr/goro-daimon-98um.html [L,R=301]
RewriteRule ^(.*)Goro_Daimon_(KoF_'98)(.*)$ https://wiki.basgrospoing.fr/goro-daimon-kof-98.html [L,R=301]
RewriteRule ^(.*)Goro_Daimon_(kof13)(.*)$ https://wiki.basgrospoing.fr/goro-daimon-kof13.html [L,R=301]
RewriteRule ^(.*)Gouken_(SSFIV)(.*)$ https://wiki.basgrospoing.fr/gouken-ssfiv.html [L,R=301]
RewriteRule ^(.*)Gouki_(Street_Fighter_Alpha_3)(.*)$ https://wiki.basgrospoing.fr/gouki-street-fighter-alpha-3.html [L,R=301]
RewriteRule ^(.*)Grant_(Garou)(.*)$ https://wiki.basgrospoing.fr/grant-garou.html [L,R=301]
RewriteRule ^(.*)Guile_(2X)(.*)$ https://wiki.basgrospoing.fr/guile-2x.html [L,R=301]
RewriteRule ^(.*)Guile_(SFxT)(.*)$ https://wiki.basgrospoing.fr/guile-sfxt.html [L,R=301]
RewriteRule ^(.*)Guile_(SSFIV)(.*)$ https://wiki.basgrospoing.fr/guile-ssfiv.html [L,R=301]
RewriteRule ^(.*)Guilty_Gear_XX_Accent_Core(.*)$ https://wiki.basgrospoing.fr/guilty-gear-xx-accent-core.html [L,R=301]
RewriteRule ^(.*)Guy_(SSFIV)(.*)$ https://wiki.basgrospoing.fr/guy-ssfiv.html [L,R=301]
RewriteRule ^(.*)Guy_(Street_Fighter_Alpha_3)(.*)$ https://wiki.basgrospoing.fr/guy-street-fighter-alpha-3.html [L,R=301]
RewriteRule ^(.*)Haggar_(UMVC3)(.*)$ https://wiki.basgrospoing.fr/haggar-umvc3.html [L,R=301]
RewriteRule ^(.*)Hakan_(SSFIV)(.*)$ https://wiki.basgrospoing.fr/hakan-ssfiv.html [L,R=301]
RewriteRule ^(.*)Hakumen_(BBCS)(.*)$ https://wiki.basgrospoing.fr/hakumen-bbcs.html [L,R=301]
RewriteRule ^(.*)Hakushon_Daimao_(TVC_:_CGOH)(.*)$ https://wiki.basgrospoing.fr/hakushon-daimao-tvc-cgoh.html [L,R=301]
RewriteRule ^(.*)Hakushon_Daimao_(Tatsunoko_Vs._Capcom_:Cross_Generation_of_Heroes)(.*)$ https://wiki.basgrospoing.fr/hakushon-daimao-tvc-cgoh.html [L,R=301]
RewriteRule ^(.*)Hakushon_Daimao_(TvC:CGOH)(.*)$ https://wiki.basgrospoing.fr/hakushon-daimao-tvc-cgoh.html [L,R=301]
RewriteRule ^(.*)HarkeyNewberry811(.*)$ https://wiki.basgrospoing.fr/harkeynewberry811.html [L,R=301]
RewriteRule ^(.*)Hazama_(BBCS)(.*)$ https://wiki.basgrospoing.fr/hazama-bbcs.html [L,R=301]
RewriteRule ^(.*)Heavy_D!_(98um)(.*)$ https://wiki.basgrospoing.fr/heavy-d-98um.html [L,R=301]
RewriteRule ^(.*)Heavy_D!_(KoF_'98)(.*)$ https://wiki.basgrospoing.fr/heavy-d-kof-98.html [L,R=301]
RewriteRule ^(.*)Heidern_(2k2um)(.*)$ https://wiki.basgrospoing.fr/heidern-2k2um.html [L,R=301]
RewriteRule ^(.*)Heidern_(98um)(.*)$ https://wiki.basgrospoing.fr/heidern-98um.html [L,R=301]
RewriteRule ^(.*)Heidern_(KoF_'98)(.*)$ https://wiki.basgrospoing.fr/heidern-kof-98.html [L,R=301]
RewriteRule ^(.*)Heihachi_(SFxT)(.*)$ https://wiki.basgrospoing.fr/heihachi-sfxt.html [L,R=301]
RewriteRule ^(.*)Hinako_Shijou_(2k2um)(.*)$ https://wiki.basgrospoing.fr/hinako-shijou-2k2um.html [L,R=301]
RewriteRule ^(.*)Hiromi_Mita(.*)$ https://wiki.basgrospoing.fr/hiromi-mita.html [L,R=301]
RewriteRule ^(.*)Hokutomaru_(Garou)(.*)$ https://wiki.basgrospoing.fr/hokutomaru-garou.html [L,R=301]
RewriteRule ^(.*)Hotaru_Futaba_(Garou)(.*)$ https://wiki.basgrospoing.fr/hotaru-futaba-garou.html [L,R=301]
RewriteRule ^(.*)Hsien_Ko_(UMVC3)(.*)$ https://wiki.basgrospoing.fr/hsien-ko-umvc3.html [L,R=301]
RewriteRule ^(.*)Hugo_(3S)(.*)$ https://wiki.basgrospoing.fr/hugo-3s.html [L,R=301]
RewriteRule ^(.*)Hugo_(SFxT)(.*)$ https://wiki.basgrospoing.fr/hugo-sfxt.html [L,R=301]
RewriteRule ^(.*)Hwa_Jai_(kof13)(.*)$ https://wiki.basgrospoing.fr/hwa-jai-kof13.html [L,R=301]
RewriteRule ^(.*)Hwoarang_(SFxT)(.*)$ https://wiki.basgrospoing.fr/hwoarang-sfxt.html [L,R=301]
RewriteRule ^(.*)Hyper_Street_Fighter_2(.*)$ https://wiki.basgrospoing.fr/hyper-street-fighter-2.html [L,R=301]
RewriteRule ^(.*)Ibuki_(3S)(.*)$ https://wiki.basgrospoing.fr/ibuki-3s.html [L,R=301]
RewriteRule ^(.*)Ibuki_(SFxT)(.*)$ https://wiki.basgrospoing.fr/ibuki-sfxt.html [L,R=301]
RewriteRule ^(.*)Ibuki_(SSFIV)(.*)$ https://wiki.basgrospoing.fr/ibuki-ssfiv.html [L,R=301]
RewriteRule ^(.*)Igniz_(2k2um)(.*)$ https://wiki.basgrospoing.fr/igniz-2k2um.html [L,R=301]
RewriteRule ^(.*)Iori_Yagami_(2k2um)(.*)$ https://wiki.basgrospoing.fr/iori-yagami-2k2um.html [L,R=301]
RewriteRule ^(.*)Iori_Yagami(.*)$ https://wiki.basgrospoing.fr/iori-yagami-2k2um.html [L,R=301]
RewriteRule ^(.*)Iori_Yagami_(98um)(.*)$ https://wiki.basgrospoing.fr/iori-yagami-98um.html [L,R=301]
RewriteRule ^(.*)Iori_Yagami_(KoF_'98)(.*)$ https://wiki.basgrospoing.fr/iori-yagami-kof-98.html [L,R=301]
RewriteRule ^(.*)Iori_Yagami_(kof13)(.*)$ https://wiki.basgrospoing.fr/iori-yagami-kof13.html [L,R=301]
RewriteRule ^(.*)Ippatsuman_(TvC:UAS)(.*)$ https://wiki.basgrospoing.fr/ippatsuman-tvc-uas.html [L,R=301]
RewriteRule ^(.*)Iron_Tager_(BBCS)(.*)$ https://wiki.basgrospoing.fr/iron-tager-bbcs.html [L,R=301]
RewriteRule ^(.*)Jean_Pierre_(KR)(.*)$ https://wiki.basgrospoing.fr/jean-pierre-kr.html [L,R=301]
RewriteRule ^(.*)Jhun_Hoon_(2k2um)(.*)$ https://wiki.basgrospoing.fr/jhun-hoon-2k2um.html [L,R=301]
RewriteRule ^(.*)Jill_(UMVC3)(.*)$ https://wiki.basgrospoing.fr/jill-umvc3.html [L,R=301]
RewriteRule ^(.*)Jin_(SFxT)(.*)$ https://wiki.basgrospoing.fr/jin-sfxt.html [L,R=301]
RewriteRule ^(.*)Jin_Kisaragi_(BBCS)(.*)$ https://wiki.basgrospoing.fr/jin-kisaragi-bbcs.html [L,R=301]
RewriteRule ^(.*)Joe(.*)$ https://wiki.basgrospoing.fr/joe.html [L,R=301]
RewriteRule ^(.*)Joe_Higashi_(2k2um)(.*)$ https://wiki.basgrospoing.fr/joe-higashi-2k2um.html [L,R=301]
RewriteRule ^(.*)Joe_Higashi(.*)$ https://wiki.basgrospoing.fr/joe-higashi-2k2um.html [L,R=301]
RewriteRule ^(.*)Joe_Higashi_(98um)(.*)$ https://wiki.basgrospoing.fr/joe-higashi-98um.html [L,R=301]
RewriteRule ^(.*)Joe_Higashi_(Fatal_Fury_Special)(.*)$ https://wiki.basgrospoing.fr/joe-higashi-fatal-fury-special.html [L,R=301]
RewriteRule ^(.*)Joe_Higashi_(KoF_'94)_(98um)(.*)$ https://wiki.basgrospoing.fr/joe-higashi-kof-94-98um.html [L,R=301]
RewriteRule ^(.*)Joe_Higashi_(KoF_'94-Era)_(KoF_'98)(.*)$ https://wiki.basgrospoing.fr/joe-higashi-kof-94-era-kof-98.html [L,R=301]
RewriteRule ^(.*)Joe_Higashi_(KoF_'98)(.*)$ https://wiki.basgrospoing.fr/joe-higashi-kof-98.html [L,R=301]
RewriteRule ^(.*)Joe_Higashi_(kof13)(.*)$ https://wiki.basgrospoing.fr/joe-higashi-kof13.html [L,R=301]
RewriteRule ^(.*)Joe_the_Condor_(TvC:UAS)(.*)$ https://wiki.basgrospoing.fr/joe-the-condor-tvc-uas.html [L,R=301]
RewriteRule ^(.*)Jordi_Costa(.*)$ https://wiki.basgrospoing.fr/jordi-costa.html [L,R=301]
RewriteRule ^(.*)Jubei_Yamada_(Fatal_Fury_Special)(.*)$ https://wiki.basgrospoing.fr/jubei-yamada-fatal-fury-special.html [L,R=301]
RewriteRule ^(.*)Julia_(SFxT)(.*)$ https://wiki.basgrospoing.fr/julia-sfxt.html [L,R=301]
RewriteRule ^(.*)Jun_the_Swan_(TvC:UAS)(.*)$ https://wiki.basgrospoing.fr/jun-the-swan-tvc-uas.html [L,R=301]
RewriteRule ^(.*)Juri_(SFxT)(.*)$ https://wiki.basgrospoing.fr/juri-sfxt.html [L,R=301]
RewriteRule ^(.*)Juri_(SSFIV)(.*)$ https://wiki.basgrospoing.fr/juri-ssfiv.html [L,R=301]
RewriteRule ^(.*)K'_(2k2um)(.*)$ https://wiki.basgrospoing.fr/k-2k2um.html [L,R=301]
RewriteRule ^(.*)K'(.*)$ https://wiki.basgrospoing.fr/k-2k2um.html [L,R=301]
RewriteRule ^(.*)K'_(kof13)(.*)$ https://wiki.basgrospoing.fr/k-kof13.html [L,R=301]
RewriteRule ^(.*)Kaijin_No_Soki_(TvC:UAS)(.*)$ https://wiki.basgrospoing.fr/kaijin-no-soki-tvc-uas.html [L,R=301]
RewriteRule ^(.*)Kain_R._Heinlein_(Garou)(.*)$ https://wiki.basgrospoing.fr/kain-r-heinlein-garou.html [L,R=301]
RewriteRule ^(.*)Kano_Ryoko_(KR)(.*)$ https://wiki.basgrospoing.fr/kano-ryoko-kr.html [L,R=301]
RewriteRule ^(.*)Karas_(TvC:UAS)(.*)$ https://wiki.basgrospoing.fr/karas-tvc-uas.html [L,R=301]
RewriteRule ^(.*)Karnov's_Revenge(.*)$ https://wiki.basgrospoing.fr/karnov-s-revenge.html [L,R=301]
RewriteRule ^(.*)Kasumi_Todoh_(2k2um)(.*)$ https://wiki.basgrospoing.fr/kasumi-todoh-2k2um.html [L,R=301]
RewriteRule ^(.*)Kasumi_Todoh_(98um)(.*)$ https://wiki.basgrospoing.fr/kasumi-todoh-98um.html [L,R=301]
RewriteRule ^(.*)Kazuya_(SFxT)(.*)$ https://wiki.basgrospoing.fr/kazuya-sfxt.html [L,R=301]
RewriteRule ^(.*)Ken_(2X)(.*)$ https://wiki.basgrospoing.fr/ken-2x.html [L,R=301]
RewriteRule ^(.*)Ken_(3S)(.*)$ https://wiki.basgrospoing.fr/ken-3s.html [L,R=301]
RewriteRule ^(.*)Ken_(SFxT)(.*)$ https://wiki.basgrospoing.fr/ken-sfxt.html [L,R=301]
RewriteRule ^(.*)Ken_(SSFIV)(.*)$ https://wiki.basgrospoing.fr/ken-ssfiv.html [L,R=301]
RewriteRule ^(.*)Ken_(Street_Fighter_Alpha_3)(.*)$ https://wiki.basgrospoing.fr/ken-street-fighter-alpha-3.html [L,R=301]
RewriteRule ^(.*)Ken_the_Eagle_(TvC:UAS)(.*)$ https://wiki.basgrospoing.fr/ken-the-eagle-tvc-uas.html [L,R=301]
RewriteRule ^(.*)Kensou_(2k2um)(.*)$ https://wiki.basgrospoing.fr/kensou-2k2um.html [L,R=301]
RewriteRule ^(.*)Kensou(.*)$ https://wiki.basgrospoing.fr/kensou-2k2um.html [L,R=301]
RewriteRule ^(.*)Kevin_Rian_(Garou)(.*)$ https://wiki.basgrospoing.fr/kevin-rian-garou.html [L,R=301]
RewriteRule ^(.*)Killer_Instinct(.*)$ https://wiki.basgrospoing.fr/killer-instinct.html [L,R=301]
RewriteRule ^(.*)Kim_(2k2um)(.*)$ https://wiki.basgrospoing.fr/kim-2k2um.html [L,R=301]
RewriteRule ^(.*)Kim(.*)$ https://wiki.basgrospoing.fr/kim-2k2um.html [L,R=301]
RewriteRule ^(.*)Kim_Dong_Hwan_(Garou)(.*)$ https://wiki.basgrospoing.fr/kim-dong-hwan-garou.html [L,R=301]
RewriteRule ^(.*)Kim_Jae_Hoon_(Garou)(.*)$ https://wiki.basgrospoing.fr/kim-jae-hoon-garou.html [L,R=301]
RewriteRule ^(.*)Kim_Kaphawn_(2k2um)(.*)$ https://wiki.basgrospoing.fr/kim-kaphawn-2k2um.html [L,R=301]
RewriteRule ^(.*)Kim_Kaphawn_(kof13)(.*)$ https://wiki.basgrospoing.fr/kim-kaphawn-kof13.html [L,R=301]
RewriteRule ^(.*)Kim_Kaphwan_(98um)(.*)$ https://wiki.basgrospoing.fr/kim-kaphwan-98um.html [L,R=301]
RewriteRule ^(.*)Kim_Kaphwan_(Fatal_Fury_Special)(.*)$ https://wiki.basgrospoing.fr/kim-kaphwan-fatal-fury-special.html [L,R=301]
RewriteRule ^(.*)Kim_Kaphwan_(KoF_'98)(.*)$ https://wiki.basgrospoing.fr/kim-kaphwan-kof-98.html [L,R=301]
RewriteRule ^(.*)King_(2k2um)(.*)$ https://wiki.basgrospoing.fr/king-2k2um.html [L,R=301]
RewriteRule ^(.*)King_(98um)(.*)$ https://wiki.basgrospoing.fr/king-98um.html [L,R=301]
RewriteRule ^(.*)King_(Art_Of_Fighting_2_version)_(98um)(.*)$ https://wiki.basgrospoing.fr/king-art-of-fighting-2-version-98um.html [L,R=301]
RewriteRule ^(.*)King_(KoF_'98)(.*)$ https://wiki.basgrospoing.fr/king-kof-98.html [L,R=301]
RewriteRule ^(.*)King_(SFxT)(.*)$ https://wiki.basgrospoing.fr/king-sfxt.html [L,R=301]
RewriteRule ^(.*)King_(kof13)(.*)$ https://wiki.basgrospoing.fr/king-kof13.html [L,R=301]
RewriteRule ^(.*)Klaus_Wessel(.*)$ https://wiki.basgrospoing.fr/klaus-wessel.html [L,R=301]
RewriteRule ^(.*)Kryzalid_(2k2um)(.*)$ https://wiki.basgrospoing.fr/kryzalid-2k2um.html [L,R=301]
RewriteRule ^(.*)Kula_(2k2um)(.*)$ https://wiki.basgrospoing.fr/kula-2k2um.html [L,R=301]
RewriteRule ^(.*)Kula(.*)$ https://wiki.basgrospoing.fr/kula-2k2um.html [L,R=301]
RewriteRule ^(.*)Kula_(kof13)(.*)$ https://wiki.basgrospoing.fr/kula-kof13.html [L,R=301]
RewriteRule ^(.*)Kuma_(SFxT)(.*)$ https://wiki.basgrospoing.fr/kuma-sfxt.html [L,R=301]
RewriteRule ^(.*)Kusanagi_(2k2um)(.*)$ https://wiki.basgrospoing.fr/kusanagi-2k2um.html [L,R=301]
RewriteRule ^(.*)Kusanagi(.*)$ https://wiki.basgrospoing.fr/kusanagi-2k2um.html [L,R=301]
RewriteRule ^(.*)Kyo(.*)$ https://wiki.basgrospoing.fr/kyo.html [L,R=301]
RewriteRule ^(.*)Kyo-1_(2k2um)(.*)$ https://wiki.basgrospoing.fr/kyo-1-2k2um.html [L,R=301]
RewriteRule ^(.*)Kyo-2_(2k2um)(.*)$ https://wiki.basgrospoing.fr/kyo-2-2k2um.html [L,R=301]
RewriteRule ^(.*)Kyo_Kusanagi_(2k2um)(.*)$ https://wiki.basgrospoing.fr/kyo-kusanagi-2k2um.html [L,R=301]
RewriteRule ^(.*)Kyo_Kusanagi(.*)$ https://wiki.basgrospoing.fr/kyo-kusanagi-2k2um.html [L,R=301]
RewriteRule ^(.*)Kyo_Kusanagi_(98um)(.*)$ https://wiki.basgrospoing.fr/kyo-kusanagi-98um.html [L,R=301]
RewriteRule ^(.*)Kyo_Kusanagi_(KoF_'95)_(98um)(.*)$ https://wiki.basgrospoing.fr/kyo-kusanagi-kof-95-98um.html [L,R=301]
RewriteRule ^(.*)Kyo_Kusanagi_(KoF_'95-Era)_(KoF_'98)(.*)$ https://wiki.basgrospoing.fr/kyo-kusanagi-kof-95-era-kof-98.html [L,R=301]
RewriteRule ^(.*)Kyo_Kusanagi_(KoF_'98)(.*)$ https://wiki.basgrospoing.fr/kyo-kusanagi-kof-98.html [L,R=301]
RewriteRule ^(.*)Kyo_Kusanagi_(kof13)(.*)$ https://wiki.basgrospoing.fr/kyo-kusanagi-kof13.html [L,R=301]
RewriteRule ^(.*)Laurence_Blood_(Fatal_Fury_Special)(.*)$ https://wiki.basgrospoing.fr/laurence-blood-fatal-fury-special.html [L,R=301]
RewriteRule ^(.*)Laurence_Blood(Fatal_Fury_Special)(.*)$ https://wiki.basgrospoing.fr/laurence-blood-fatal-fury-special.html [L,R=301]
RewriteRule ^(.*)Law_(SFxT)(.*)$ https://wiki.basgrospoing.fr/law-sfxt.html [L,R=301]
RewriteRule ^(.*)Lawn(.*)$ https://wiki.basgrospoing.fr/lawn.html [L,R=301]
RewriteRule ^(.*)Le_pire_de_la_baston(.*)$ https://wiki.basgrospoing.fr/le-pire-de-la-baston.html [L,R=301]
RewriteRule ^(.*)Leona_(2k2um)(.*)$ https://wiki.basgrospoing.fr/leona-2k2um.html [L,R=301]
RewriteRule ^(.*)Leona(.*)$ https://wiki.basgrospoing.fr/leona-2k2um.html [L,R=301]
RewriteRule ^(.*)Leona_Heidern_(2k2um)(.*)$ https://wiki.basgrospoing.fr/leona-heidern-2k2um.html [L,R=301]
RewriteRule ^(.*)Leona_Heidern_(98um)(.*)$ https://wiki.basgrospoing.fr/leona-heidern-98um.html [L,R=301]
RewriteRule ^(.*)Leona_Heidern_(KoF_'98)(.*)$ https://wiki.basgrospoing.fr/leona-heidern-kof-98.html [L,R=301]
RewriteRule ^(.*)Leona_Heidern_(kof13)(.*)$ https://wiki.basgrospoing.fr/leona-heidern-kof13.html [L,R=301]
RewriteRule ^(.*)Li_Xiangfei_(2k2um)(.*)$ https://wiki.basgrospoing.fr/li-xiangfei-2k2um.html [L,R=301]
RewriteRule ^(.*)Lili_(SFxT)(.*)$ https://wiki.basgrospoing.fr/lili-sfxt.html [L,R=301]
RewriteRule ^(.*)Lin_(2k2um)(.*)$ https://wiki.basgrospoing.fr/lin-2k2um.html [L,R=301]
RewriteRule ^(.*)Liste_des_Jeux(.*)$ https://wiki.basgrospoing.fr/liste-des-jeux.html [L,R=301]
RewriteRule ^(.*)Litchi_Faye_Ling_(BBCS)(.*)$ https://wiki.basgrospoing.fr/litchi-faye-ling-bbcs.html [L,R=301]
RewriteRule ^(.*)Loris_Biaggi(.*)$ https://wiki.basgrospoing.fr/loris-biaggi.html [L,R=301]
RewriteRule ^(.*)Lucky_Glauber_(98um)(.*)$ https://wiki.basgrospoing.fr/lucky-glauber-98um.html [L,R=301]
RewriteRule ^(.*)Lucky_Glauber_(KoF_'98)(.*)$ https://wiki.basgrospoing.fr/lucky-glauber-kof-98.html [L,R=301]
RewriteRule ^(.*)M.Bison_(SFxT)(.*)$ https://wiki.basgrospoing.fr/m-bison-sfxt.html [L,R=301]
RewriteRule ^(.*)M._Bison_(2X)(.*)$ https://wiki.basgrospoing.fr/m-bison-2x.html [L,R=301]
RewriteRule ^(.*)M._Bison_(SSFIV)(.*)$ https://wiki.basgrospoing.fr/m-bison-ssfiv.html [L,R=301]
RewriteRule ^(.*)M._Bison_(Street_Fighter_Alpha_3)(.*)$ https://wiki.basgrospoing.fr/m-bison-street-fighter-alpha-3.html [L,R=301]
RewriteRule ^(.*)Mai_(2k2um)(.*)$ https://wiki.basgrospoing.fr/mai-2k2um.html [L,R=301]
RewriteRule ^(.*)Mai(.*)$ https://wiki.basgrospoing.fr/mai-2k2um.html [L,R=301]
RewriteRule ^(.*)Mai_Shiranui_(2k2um)(.*)$ https://wiki.basgrospoing.fr/mai-shiranui-2k2um.html [L,R=301]
RewriteRule ^(.*)Mai_Shiranui_(98um)(.*)$ https://wiki.basgrospoing.fr/mai-shiranui-98um.html [L,R=301]
RewriteRule ^(.*)Mai_Shiranui_(Fatal_Fury_Special)(.*)$ https://wiki.basgrospoing.fr/mai-shiranui-fatal-fury-special.html [L,R=301]
RewriteRule ^(.*)Mai_Shiranui_(KoF_'98)(.*)$ https://wiki.basgrospoing.fr/mai-shiranui-kof-98.html [L,R=301]
RewriteRule ^(.*)Mai_Shiranui_(Real_Bout_2-Era)_(KoF_'98)(.*)$ https://wiki.basgrospoing.fr/mai-shiranui-real-bout-2-era-kof-98.html [L,R=301]
RewriteRule ^(.*)Mai_Shiranui_(Real_Bout_Fatal_Fury_version)_(98um)(.*)$ https://wiki.basgrospoing.fr/mai-shiranui-real-bout-fatal-fury-version-98um.html [L,R=301]
RewriteRule ^(.*)Mai_Shiranui_(kof13)(.*)$ https://wiki.basgrospoing.fr/mai-shiranui-kof13.html [L,R=301]
RewriteRule ^(.*)Makoto_(3S)(.*)$ https://wiki.basgrospoing.fr/makoto-3s.html [L,R=301]
RewriteRule ^(.*)Makoto_(SSFIV)(.*)$ https://wiki.basgrospoing.fr/makoto-ssfiv.html [L,R=301]
RewriteRule ^(.*)Makoto_Nanaya_(BBCS)(.*)$ https://wiki.basgrospoing.fr/makoto-nanaya-bbcs.html [L,R=301]
RewriteRule ^(.*)Marco_Rodriguez_(Garou)(.*)$ https://wiki.basgrospoing.fr/marco-rodriguez-garou.html [L,R=301]
RewriteRule ^(.*)Khushnood_Butt_(Garou)(.*)$ https://wiki.basgrospoing.fr/marco-rodriguez-garou.html [L,R=301]
RewriteRule ^(.*)Marduk_(SFxT)(.*)$ https://wiki.basgrospoing.fr/marduk-sfxt.html [L,R=301]
RewriteRule ^(.*)Marvel_vs_Capcom_2(.*)$ https://wiki.basgrospoing.fr/marvel-vs-capcom-2.html [L,R=301]
RewriteRule ^(.*)Marvel_vs_Capcom_3(.*)$ https://wiki.basgrospoing.fr/marvel-vs-capcom-3.html [L,R=301]
RewriteRule ^(.*)Mature_(2k2um)(.*)$ https://wiki.basgrospoing.fr/mature-2k2um.html [L,R=301]
RewriteRule ^(.*)Mature(.*)$ https://wiki.basgrospoing.fr/mature-2k2um.html [L,R=301]
RewriteRule ^(.*)Mature_(98um)(.*)$ https://wiki.basgrospoing.fr/mature-98um.html [L,R=301]
RewriteRule ^(.*)Mature_(KoF_'98)(.*)$ https://wiki.basgrospoing.fr/mature-kof-98.html [L,R=301]
RewriteRule ^(.*)Mature_(kof13)(.*)$ https://wiki.basgrospoing.fr/mature-kof13.html [L,R=301]
RewriteRule ^(.*)Maxima_(2k2um)(.*)$ https://wiki.basgrospoing.fr/maxima-2k2um.html [L,R=301]
RewriteRule ^(.*)Maxima(.*)$ https://wiki.basgrospoing.fr/maxima-2k2um.html [L,R=301]
RewriteRule ^(.*)Maxima_(kof13)(.*)$ https://wiki.basgrospoing.fr/maxima-kof13.html [L,R=301]
RewriteRule ^(.*)May_Lee_(2k2um)(.*)$ https://wiki.basgrospoing.fr/may-lee-2k2um.html [L,R=301]
RewriteRule ^(.*)May_Lee(.*)$ https://wiki.basgrospoing.fr/may-lee-2k2um.html [L,R=301]
RewriteRule ^(.*)May_Lee_Jinju_(2k2um)(.*)$ https://wiki.basgrospoing.fr/may-lee-jinju-2k2um.html [L,R=301]
RewriteRule ^(.*)Megaman_Volnutt_(TvC:UAS)(.*)$ https://wiki.basgrospoing.fr/megaman-volnutt-tvc-uas.html [L,R=301]
RewriteRule ^(.*)Melty_Blood/Akiha_Tohno(.*)$ https://wiki.basgrospoing.fr/melty-blood-akiha-tohno.html [L,R=301]
RewriteRule ^(.*)Melty_Blood/Akiha_Tohno/Crescent_Moon(.*)$ https://wiki.basgrospoing.fr/melty-blood-akiha-tohno-crescent-moon.html [L,R=301]
RewriteRule ^(.*)Melty_Blood/Akiha_Tohno/Full_Moon(.*)$ https://wiki.basgrospoing.fr/melty-blood-akiha-tohno-full-moon.html [L,R=301]
RewriteRule ^(.*)Melty_Blood/Akiha_Tohno/Half_Moon(.*)$ https://wiki.basgrospoing.fr/melty-blood-akiha-tohno-half-moon.html [L,R=301]
RewriteRule ^(.*)Melty_Blood/Akiha_Tohno_(Seifuku)(.*)$ https://wiki.basgrospoing.fr/melty-blood-akiha-tohno-seifuku.html [L,R=301]
RewriteRule ^(.*)Melty_Blood/Akiha_Tohno_(Seifuku)/Crescent_Moon(.*)$ https://wiki.basgrospoing.fr/melty-blood-akiha-tohno-seifuku-crescent-moon.html [L,R=301]
RewriteRule ^(.*)Melty_Blood/Akiha_Tohno_(Seifuku)/Full_Moon(.*)$ https://wiki.basgrospoing.fr/melty-blood-akiha-tohno-seifuku-full-moon.html [L,R=301]
RewriteRule ^(.*)Melty_Blood/Akiha_Tohno_(Seifuku)/Half_Moon(.*)$ https://wiki.basgrospoing.fr/melty-blood-akiha-tohno-seifuku-half-moon.html [L,R=301]
RewriteRule ^(.*)Melty_Blood/Akiha_Vermillion(.*)$ https://wiki.basgrospoing.fr/melty-blood-akiha-vermillion.html [L,R=301]
RewriteRule ^(.*)Melty_Blood/Akiha_Vermillion/Crescent_Moon(.*)$ https://wiki.basgrospoing.fr/melty-blood-akiha-vermillion-crescent-moon.html [L,R=301]
RewriteRule ^(.*)Melty_Blood/Akiha_Vermillion/Full_Moon(.*)$ https://wiki.basgrospoing.fr/melty-blood-akiha-vermillion-full-moon.html [L,R=301]
RewriteRule ^(.*)Melty_Blood/Akiha_Vermillion/Half_Moon(.*)$ https://wiki.basgrospoing.fr/melty-blood-akiha-vermillion-half-moon.html [L,R=301]
RewriteRule ^(.*)Melty_Blood/Aoko_Aozaki(.*)$ https://wiki.basgrospoing.fr/melty-blood-aoko-aozaki.html [L,R=301]
RewriteRule ^(.*)Melty_Blood/Aoko_Aozaki/Crescent_Moon(.*)$ https://wiki.basgrospoing.fr/melty-blood-aoko-aozaki-crescent-moon.html [L,R=301]
RewriteRule ^(.*)Melty_Blood/Aoko_Aozaki/Full_Moon(.*)$ https://wiki.basgrospoing.fr/melty-blood-aoko-aozaki-full-moon.html [L,R=301]
RewriteRule ^(.*)Melty_Blood/Aoko_Aozaki/Half_Moon(.*)$ https://wiki.basgrospoing.fr/melty-blood-aoko-aozaki-half-moon.html [L,R=301]
RewriteRule ^(.*)Melty_Blood/Archetype:_Earth(.*)$ https://wiki.basgrospoing.fr/melty-blood-archetype-earth.html [L,R=301]
RewriteRule ^(.*)Melty_Blood/Archetype_Earth/Crescent_Moon(.*)$ https://wiki.basgrospoing.fr/melty-blood-archetype-earth-crescent-moon.html [L,R=301]
RewriteRule ^(.*)Melty_Blood/Archetype_Earth/Full_Moon(.*)$ https://wiki.basgrospoing.fr/melty-blood-archetype-earth-full-moon.html [L,R=301]
RewriteRule ^(.*)Melty_Blood/Archetype_Earth/Half_Moon(.*)$ https://wiki.basgrospoing.fr/melty-blood-archetype-earth-half-moon.html [L,R=301]
RewriteRule ^(.*)Melty_Blood/Arcueid_Brunestud(.*)$ https://wiki.basgrospoing.fr/melty-blood-arcueid-brunestud.html [L,R=301]
RewriteRule ^(.*)Melty_Blood/Arcueid_Brunestud/Crescent_Moon(.*)$ https://wiki.basgrospoing.fr/melty-blood-arcueid-brunestud-crescent-moon.html [L,R=301]
RewriteRule ^(.*)Melty_Blood/Arcueid_Brunestud/Full_Moon(.*)$ https://wiki.basgrospoing.fr/melty-blood-arcueid-brunestud-full-moon.html [L,R=301]
RewriteRule ^(.*)Melty_Blood/Arcueid_Brunestud/Half_Moon(.*)$ https://wiki.basgrospoing.fr/melty-blood-arcueid-brunestud-half-moon.html [L,R=301]
RewriteRule ^(.*)Melty_Blood/Changelist(.*)$ https://wiki.basgrospoing.fr/melty-blood-changelist.html [L,R=301]
RewriteRule ^(.*)Melty_Blood/Ciel(.*)$ https://wiki.basgrospoing.fr/melty-blood-ciel.html [L,R=301]
RewriteRule ^(.*)Melty_Blood/Ciel/Crescent_Moon(.*)$ https://wiki.basgrospoing.fr/melty-blood-ciel-crescent-moon.html [L,R=301]
RewriteRule ^(.*)Melty_Blood/Ciel/Full_Moon(.*)$ https://wiki.basgrospoing.fr/melty-blood-ciel-full-moon.html [L,R=301]
RewriteRule ^(.*)Melty_Blood/Ciel/Half_Moon(.*)$ https://wiki.basgrospoing.fr/melty-blood-ciel-half-moon.html [L,R=301]
RewriteRule ^(.*)Melty_Blood/Circuit_Meter(.*)$ https://wiki.basgrospoing.fr/melty-blood-circuit-meter.html [L,R=301]
RewriteRule ^(.*)Melty_Blood/Controls(.*)$ https://wiki.basgrospoing.fr/melty-blood-controls.html [L,R=301]
RewriteRule ^(.*)Melty_Blood/Defense(.*)$ https://wiki.basgrospoing.fr/melty-blood-defense.html [L,R=301]
RewriteRule ^(.*)Melty_Blood/FAQ(.*)$ https://wiki.basgrospoing.fr/melty-blood-faq.html [L,R=301]
RewriteRule ^(.*)Melty_Blood/Hisui(.*)$ https://wiki.basgrospoing.fr/melty-blood-hisui.html [L,R=301]
RewriteRule ^(.*)Melty_Blood/Hisui/Crescent_Moon(.*)$ https://wiki.basgrospoing.fr/melty-blood-hisui-crescent-moon.html [L,R=301]
RewriteRule ^(.*)Melty_Blood/Hisui/Full_Moon(.*)$ https://wiki.basgrospoing.fr/melty-blood-hisui-full-moon.html [L,R=301]
RewriteRule ^(.*)Melty_Blood/Hisui/Half_Moon(.*)$ https://wiki.basgrospoing.fr/melty-blood-hisui-half-moon.html [L,R=301]
RewriteRule ^(.*)Melty_Blood/Hisui_&_Kohaku(.*)$ https://wiki.basgrospoing.fr/melty-blood-hisui-and-kohaku.html [L,R=301]
RewriteRule ^(.*)Melty_Blood/Hisui_&_Kohaku/Crescent_Moon(.*)$ https://wiki.basgrospoing.fr/melty-blood-hisui-and-kohaku-crescent-moon.html [L,R=301]
RewriteRule ^(.*)Melty_Blood/Hisui_&_Kohaku/Full_Moon(.*)$ https://wiki.basgrospoing.fr/melty-blood-hisui-and-kohaku-full-moon.html [L,R=301]
RewriteRule ^(.*)Melty_Blood/Hisui_&_Kohaku/Half_Moon(.*)$ https://wiki.basgrospoing.fr/melty-blood-hisui-and-kohaku-half-moon.html [L,R=301]
RewriteRule ^(.*)Melty_Blood/Kohaku(.*)$ https://wiki.basgrospoing.fr/melty-blood-kohaku.html [L,R=301]
RewriteRule ^(.*)Melty_Blood/Kohaku/Crescent_Moon(.*)$ https://wiki.basgrospoing.fr/melty-blood-kohaku-crescent-moon.html [L,R=301]
RewriteRule ^(.*)Melty_Blood/Kohaku/Full_Moon(.*)$ https://wiki.basgrospoing.fr/melty-blood-kohaku-full-moon.html [L,R=301]
RewriteRule ^(.*)Melty_Blood/Kohaku/Half_Moon(.*)$ https://wiki.basgrospoing.fr/melty-blood-kohaku-half-moon.html [L,R=301]
RewriteRule ^(.*)Melty_Blood/Kohaku_&_Mech-Hisui(.*)$ https://wiki.basgrospoing.fr/melty-blood-kohaku-and-mech-hisui.html [L,R=301]
RewriteRule ^(.*)Melty_Blood/Kohaku_and_Mech-Hisui/Crescent_Moon(.*)$ https://wiki.basgrospoing.fr/melty-blood-kohaku-and-mech-hisui-crescent-moon.html [L,R=301]
RewriteRule ^(.*)Melty_Blood/Kohaku_and_Mech-Hisui/Full_Moon(.*)$ https://wiki.basgrospoing.fr/melty-blood-kohaku-and-mech-hisui-full-moon.html [L,R=301]
RewriteRule ^(.*)Melty_Blood/Kohaku_and_Mech-Hisui/Half_Moon(.*)$ https://wiki.basgrospoing.fr/melty-blood-kohaku-and-mech-hisui-half-moon.html [L,R=301]
RewriteRule ^(.*)Melty_Blood/Kouma_Kishima(.*)$ https://wiki.basgrospoing.fr/melty-blood-kouma-kishima.html [L,R=301]
RewriteRule ^(.*)Melty_Blood/Kouma_Kishima/Crescent_Moon(.*)$ https://wiki.basgrospoing.fr/melty-blood-kouma-kishima-crescent-moon.html [L,R=301]
RewriteRule ^(.*)Melty_Blood/Kouma_Kishima/Full_Moon(.*)$ https://wiki.basgrospoing.fr/melty-blood-kouma-kishima-full-moon.html [L,R=301]
RewriteRule ^(.*)Melty_Blood/Kouma_Kishima/Half_Moon(.*)$ https://wiki.basgrospoing.fr/melty-blood-kouma-kishima-half-moon.html [L,R=301]
RewriteRule ^(.*)Melty_Blood/Len(.*)$ https://wiki.basgrospoing.fr/melty-blood-len.html [L,R=301]
RewriteRule ^(.*)Melty_Blood/Len/Crescent_Moon(.*)$ https://wiki.basgrospoing.fr/melty-blood-len-crescent-moon.html [L,R=301]
RewriteRule ^(.*)Melty_Blood/Len/Full_Moon(.*)$ https://wiki.basgrospoing.fr/melty-blood-len-full-moon.html [L,R=301]
RewriteRule ^(.*)Melty_Blood/Len/Half_Moon(.*)$ https://wiki.basgrospoing.fr/melty-blood-len-half-moon.html [L,R=301]
RewriteRule ^(.*)Melty_Blood/Lexique(.*)$ https://wiki.basgrospoing.fr/melty-blood-lexique.html [L,R=301]
RewriteRule ^(.*)Melty_Blood/Glossary(.*)$ https://wiki.basgrospoing.fr/melty-blood-lexique.html [L,R=301]
RewriteRule ^(.*)Melty_Blood/Links(.*)$ https://wiki.basgrospoing.fr/melty-blood-links.html [L,R=301]
RewriteRule ^(.*)Melty_Blood/Mech-Hisui(.*)$ https://wiki.basgrospoing.fr/melty-blood-mech-hisui.html [L,R=301]
RewriteRule ^(.*)Melty_Blood/Mech-Hisui/Crescent_Moon(.*)$ https://wiki.basgrospoing.fr/melty-blood-mech-hisui-crescent-moon.html [L,R=301]
RewriteRule ^(.*)Melty_Blood/Mech-Hisui/Full_Moon(.*)$ https://wiki.basgrospoing.fr/melty-blood-mech-hisui-full-moon.html [L,R=301]
RewriteRule ^(.*)Melty_Blood/Mech-Hisui/Half_Moon(.*)$ https://wiki.basgrospoing.fr/melty-blood-mech-hisui-half-moon.html [L,R=301]
RewriteRule ^(.*)Melty_Blood/Mech-Hisui_&_Neco_Arc(.*)$ https://wiki.basgrospoing.fr/melty-blood-mech-hisui-and-neco-arc.html [L,R=301]
RewriteRule ^(.*)Melty_Blood/Mech-Hisui_&_Neco_Arc/Crescent_Moon(.*)$ https://wiki.basgrospoing.fr/melty-blood-mech-hisui-and-neco-arc-crescent-moon.html [L,R=301]
RewriteRule ^(.*)Melty_Blood/Mech-Hisui_&_Neco_Arc/Full_Moon(.*)$ https://wiki.basgrospoing.fr/melty-blood-mech-hisui-and-neco-arc-full-moon.html [L,R=301]
RewriteRule ^(.*)Melty_Blood/Mech-Hisui_&_Neco_Arc/Half_Moon(.*)$ https://wiki.basgrospoing.fr/melty-blood-mech-hisui-and-neco-arc-half-moon.html [L,R=301]
RewriteRule ^(.*)Melty_Blood/Miyako_Arima(.*)$ https://wiki.basgrospoing.fr/melty-blood-miyako-arima.html [L,R=301]
RewriteRule ^(.*)Melty_Blood/Miyako_Arima/Crescent_Moon(.*)$ https://wiki.basgrospoing.fr/melty-blood-miyako-arima-crescent-moon.html [L,R=301]
RewriteRule ^(.*)Melty_Blood/Miyako_Arima/Full_Moon(.*)$ https://wiki.basgrospoing.fr/melty-blood-miyako-arima-full-moon.html [L,R=301]
RewriteRule ^(.*)Melty_Blood/Miyako_Arima/Half_Moon(.*)$ https://wiki.basgrospoing.fr/melty-blood-miyako-arima-half-moon.html [L,R=301]
RewriteRule ^(.*)Melty_Blood/Moons(.*)$ https://wiki.basgrospoing.fr/melty-blood-moons.html [L,R=301]
RewriteRule ^(.*)Melty_Blood/Neco_Arc(.*)$ https://wiki.basgrospoing.fr/melty-blood-neco-arc.html [L,R=301]
RewriteRule ^(.*)Melty_Blood/Neco_Arc/Crescent_Moon(.*)$ https://wiki.basgrospoing.fr/melty-blood-neco-arc-crescent-moon.html [L,R=301]
RewriteRule ^(.*)Melty_Blood/Neco_Arc/Full_Moon(.*)$ https://wiki.basgrospoing.fr/melty-blood-neco-arc-full-moon.html [L,R=301]
RewriteRule ^(.*)Melty_Blood/Neco_Arc/Half_Moon(.*)$ https://wiki.basgrospoing.fr/melty-blood-neco-arc-half-moon.html [L,R=301]
RewriteRule ^(.*)Melty_Blood/Neco_Arc_Chaos(.*)$ https://wiki.basgrospoing.fr/melty-blood-neco-arc-chaos.html [L,R=301]
RewriteRule ^(.*)Melty_Blood/Neco_Arc_Chaos/Crescent_Moon(.*)$ https://wiki.basgrospoing.fr/melty-blood-neco-arc-chaos-crescent-moon.html [L,R=301]
RewriteRule ^(.*)Melty_Blood/Neco_Arc_Chaos/Full_Moon(.*)$ https://wiki.basgrospoing.fr/melty-blood-neco-arc-chaos-full-moon.html [L,R=301]
RewriteRule ^(.*)Melty_Blood/Neco_Arc_Chaos/Half_Moon(.*)$ https://wiki.basgrospoing.fr/melty-blood-neco-arc-chaos-half-moon.html [L,R=301]
RewriteRule ^(.*)Melty_Blood/Nero_Chaos(.*)$ https://wiki.basgrospoing.fr/melty-blood-nero-chaos.html [L,R=301]
RewriteRule ^(.*)Melty_Blood/Nero_Chaos/Crescent_Moon(.*)$ https://wiki.basgrospoing.fr/melty-blood-nero-chaos-crescent-moon.html [L,R=301]
RewriteRule ^(.*)Melty_Blood/Nero_Chaos/Full_Moon(.*)$ https://wiki.basgrospoing.fr/melty-blood-nero-chaos-full-moon.html [L,R=301]
RewriteRule ^(.*)Melty_Blood/Nero_Chaos/Half_Moon(.*)$ https://wiki.basgrospoing.fr/melty-blood-nero-chaos-half-moon.html [L,R=301]
RewriteRule ^(.*)Melty_Blood/Powerd_Ciel(.*)$ https://wiki.basgrospoing.fr/melty-blood-powerd-ciel.html [L,R=301]
RewriteRule ^(.*)Melty_Blood/Powerd_Ciel/Crescent_Moon(.*)$ https://wiki.basgrospoing.fr/melty-blood-powerd-ciel-crescent-moon.html [L,R=301]
RewriteRule ^(.*)Melty_Blood/Powerd_Ciel/Full_Moon(.*)$ https://wiki.basgrospoing.fr/melty-blood-powerd-ciel-full-moon.html [L,R=301]
RewriteRule ^(.*)Melty_Blood/Powerd_Ciel/Half_Moon(.*)$ https://wiki.basgrospoing.fr/melty-blood-powerd-ciel-half-moon.html [L,R=301]
RewriteRule ^(.*)Melty_Blood/Red_Arcueid(.*)$ https://wiki.basgrospoing.fr/melty-blood-red-arcueid.html [L,R=301]
RewriteRule ^(.*)Melty_Blood/Red_Arcueid/Crescent_Moon(.*)$ https://wiki.basgrospoing.fr/melty-blood-red-arcueid-crescent-moon.html [L,R=301]
RewriteRule ^(.*)Melty_Blood/Red_Arcueid/Full_Moon(.*)$ https://wiki.basgrospoing.fr/melty-blood-red-arcueid-full-moon.html [L,R=301]
RewriteRule ^(.*)Melty_Blood/Red_Arcueid/Half_Moon(.*)$ https://wiki.basgrospoing.fr/melty-blood-red-arcueid-half-moon.html [L,R=301]
RewriteRule ^(.*)Melty_Blood/Riesbyfe_Stridberg(.*)$ https://wiki.basgrospoing.fr/melty-blood-riesbyfe-stridberg.html [L,R=301]
RewriteRule ^(.*)Melty_Blood/Riesbyfe_Stridberg/Crescent_Moon(.*)$ https://wiki.basgrospoing.fr/melty-blood-riesbyfe-stridberg-crescent-moon.html [L,R=301]
RewriteRule ^(.*)Melty_Blood/Riesbyfe_Stridberg/Full_Moon(.*)$ https://wiki.basgrospoing.fr/melty-blood-riesbyfe-stridberg-full-moon.html [L,R=301]
RewriteRule ^(.*)Melty_Blood/Riesbyfe_Stridberg/Half_Moon(.*)$ https://wiki.basgrospoing.fr/melty-blood-riesbyfe-stridberg-half-moon.html [L,R=301]
RewriteRule ^(.*)Melty_Blood/Roa(.*)$ https://wiki.basgrospoing.fr/melty-blood-roa.html [L,R=301]
RewriteRule ^(.*)Melty_Blood/Roa/Crescent_Moon(.*)$ https://wiki.basgrospoing.fr/melty-blood-roa-crescent-moon.html [L,R=301]
RewriteRule ^(.*)Melty_Blood/Roa/Full_Moon(.*)$ https://wiki.basgrospoing.fr/melty-blood-roa-full-moon.html [L,R=301]
RewriteRule ^(.*)Melty_Blood/Roa/Half_Moon(.*)$ https://wiki.basgrospoing.fr/melty-blood-roa-half-moon.html [L,R=301]
RewriteRule ^(.*)Melty_Blood/Satsuki_Yumiduka(.*)$ https://wiki.basgrospoing.fr/melty-blood-satsuki-yumiduka.html [L,R=301]
RewriteRule ^(.*)Melty_Blood/Satsuki_Yumiduka/Crescent_Moon(.*)$ https://wiki.basgrospoing.fr/melty-blood-satsuki-yumiduka-crescent-moon.html [L,R=301]
RewriteRule ^(.*)Melty_Blood/Satsuki_Yumiduka/Full_Moon(.*)$ https://wiki.basgrospoing.fr/melty-blood-satsuki-yumiduka-full-moon.html [L,R=301]
RewriteRule ^(.*)Melty_Blood/Satsuki_Yumiduka/Half_Moon(.*)$ https://wiki.basgrospoing.fr/melty-blood-satsuki-yumiduka-half-moon.html [L,R=301]
RewriteRule ^(.*)Melty_Blood/Shiki_Nanaya(.*)$ https://wiki.basgrospoing.fr/melty-blood-shiki-nanaya.html [L,R=301]
RewriteRule ^(.*)Melty_Blood/Shiki_Nanaya/Crescent_Moon(.*)$ https://wiki.basgrospoing.fr/melty-blood-shiki-nanaya-crescent-moon.html [L,R=301]
RewriteRule ^(.*)Melty_Blood/Shiki_Nanaya/Full_Moon(.*)$ https://wiki.basgrospoing.fr/melty-blood-shiki-nanaya-full-moon.html [L,R=301]
RewriteRule ^(.*)Melty_Blood/Shiki_Nanaya/Half_Moon(.*)$ https://wiki.basgrospoing.fr/melty-blood-shiki-nanaya-half-moon.html [L,R=301]
RewriteRule ^(.*)Melty_Blood/Shiki_Ryougi(.*)$ https://wiki.basgrospoing.fr/melty-blood-shiki-ryougi.html [L,R=301]
RewriteRule ^(.*)Melty_Blood/Shiki_Ryougi/Crescent_Moon(.*)$ https://wiki.basgrospoing.fr/melty-blood-shiki-ryougi-crescent-moon.html [L,R=301]
RewriteRule ^(.*)Melty_Blood/Shiki_Ryougi/Full_Moon(.*)$ https://wiki.basgrospoing.fr/melty-blood-shiki-ryougi-full-moon.html [L,R=301]
RewriteRule ^(.*)Melty_Blood/Shiki_Ryougi/Half_Moon(.*)$ https://wiki.basgrospoing.fr/melty-blood-shiki-ryougi-half-moon.html [L,R=301]
RewriteRule ^(.*)Melty_Blood/Shiki_Tohno(.*)$ https://wiki.basgrospoing.fr/melty-blood-shiki-tohno.html [L,R=301]
RewriteRule ^(.*)Melty_Blood/Shiki_Tohno/Crescent_Moon(.*)$ https://wiki.basgrospoing.fr/melty-blood-shiki-tohno-crescent-moon.html [L,R=301]
RewriteRule ^(.*)Melty_Blood/Shiki_Tohno/Full_Moon(.*)$ https://wiki.basgrospoing.fr/melty-blood-shiki-tohno-full-moon.html [L,R=301]
RewriteRule ^(.*)Melty_Blood/Shiki_Tohno/Half_Moon(.*)$ https://wiki.basgrospoing.fr/melty-blood-shiki-tohno-half-moon.html [L,R=301]
RewriteRule ^(.*)Melty_Blood/Sion_Eltnam_Atlasia(.*)$ https://wiki.basgrospoing.fr/melty-blood-sion-eltnam-atlasia.html [L,R=301]
RewriteRule ^(.*)Melty_Blood/Sion_Eltnam_Atlasia/Crescent_Moon(.*)$ https://wiki.basgrospoing.fr/melty-blood-sion-eltnam-atlasia-crescent-moon.html [L,R=301]
RewriteRule ^(.*)Melty_Blood/Sion_Eltnam_Atlasia/Full_Moon(.*)$ https://wiki.basgrospoing.fr/melty-blood-sion-eltnam-atlasia-full-moon.html [L,R=301]
RewriteRule ^(.*)Melty_Blood/Sion_Eltnam_Atlasia/Half_Moon(.*)$ https://wiki.basgrospoing.fr/melty-blood-sion-eltnam-atlasia-half-moon.html [L,R=301]
RewriteRule ^(.*)Melty_Blood/Sion_TATARI(.*)$ https://wiki.basgrospoing.fr/melty-blood-sion-tatari.html [L,R=301]
RewriteRule ^(.*)Melty_Blood/Sion_TATARI/Crescent_Moon(.*)$ https://wiki.basgrospoing.fr/melty-blood-sion-tatari-crescent-moon.html [L,R=301]
RewriteRule ^(.*)Melty_Blood/Sion_TATARI/Full_Moon(.*)$ https://wiki.basgrospoing.fr/melty-blood-sion-tatari-full-moon.html [L,R=301]
RewriteRule ^(.*)Melty_Blood/Sion_TATARI/Half_Moon(.*)$ https://wiki.basgrospoing.fr/melty-blood-sion-tatari-half-moon.html [L,R=301]
RewriteRule ^(.*)Melty_Blood/Warachia(.*)$ https://wiki.basgrospoing.fr/melty-blood-warachia.html [L,R=301]
RewriteRule ^(.*)Melty_Blood/Warachia/Crescent_Moon(.*)$ https://wiki.basgrospoing.fr/melty-blood-warachia-crescent-moon.html [L,R=301]
RewriteRule ^(.*)Melty_Blood/Warachia/Full_Moon(.*)$ https://wiki.basgrospoing.fr/melty-blood-warachia-full-moon.html [L,R=301]
RewriteRule ^(.*)Melty_Blood/Warachia/Half_Moon(.*)$ https://wiki.basgrospoing.fr/melty-blood-warachia-half-moon.html [L,R=301]
RewriteRule ^(.*)Melty_Blood/White_Len(.*)$ https://wiki.basgrospoing.fr/melty-blood-white-len.html [L,R=301]
RewriteRule ^(.*)Melty_Blood/White_Len/Crescent_Moon(.*)$ https://wiki.basgrospoing.fr/melty-blood-white-len-crescent-moon.html [L,R=301]
RewriteRule ^(.*)Melty_Blood/White_Len/Full_Moon(.*)$ https://wiki.basgrospoing.fr/melty-blood-white-len-full-moon.html [L,R=301]
RewriteRule ^(.*)Melty_Blood/White_Len/Half_Moon(.*)$ https://wiki.basgrospoing.fr/melty-blood-white-len-half-moon.html [L,R=301]
RewriteRule ^(.*)Melty_Blood_Actress_Again_Current_Code(.*)$ https://wiki.basgrospoing.fr/melty-blood-actress-again-current-code.html [L,R=301]
RewriteRule ^(.*)Morrigan_(UMVC3)(.*)$ https://wiki.basgrospoing.fr/morrigan-umvc3.html [L,R=301]
RewriteRule ^(.*)Morrigan_Aensland_(TvC:UAS)(.*)$ https://wiki.basgrospoing.fr/morrigan-aensland-tvc-uas.html [L,R=301]
RewriteRule ^(.*)Mr._Big_(98um)(.*)$ https://wiki.basgrospoing.fr/mr-big-98um.html [L,R=301]
RewriteRule ^(.*)Nameless_(2k2um)(.*)$ https://wiki.basgrospoing.fr/nameless-2k2um.html [L,R=301]
RewriteRule ^(.*)K9999(.*)$ https://wiki.basgrospoing.fr/nameless-2k2um.html [L,R=301]
RewriteRule ^(.*)Nash_(Street_Fighter_Alpha_3)(.*)$ https://wiki.basgrospoing.fr/nash-street-fighter-alpha-3.html [L,R=301]
RewriteRule ^(.*)Necro_(3S)(.*)$ https://wiki.basgrospoing.fr/necro-3s.html [L,R=301]
RewriteRule ^(.*)Nemesis_(UMVC3)(.*)$ https://wiki.basgrospoing.fr/nemesis-umvc3.html [L,R=301]
RewriteRule ^(.*)Nina_(SFxT)(.*)$ https://wiki.basgrospoing.fr/nina-sfxt.html [L,R=301]
RewriteRule ^(.*)Noel_Vermillion_(BBCS)(.*)$ https://wiki.basgrospoing.fr/noel-vermillion-bbcs.html [L,R=301]
RewriteRule ^(.*)Ogre_(SFxT)(.*)$ https://wiki.basgrospoing.fr/ogre-sfxt.html [L,R=301]
RewriteRule ^(.*)Omega_Rugal_(2k2um)(.*)$ https://wiki.basgrospoing.fr/omega-rugal-2k2um.html [L,R=301]
RewriteRule ^(.*)Omega_Rugal_(98um)(.*)$ https://wiki.basgrospoing.fr/omega-rugal-98um.html [L,R=301]
RewriteRule ^(.*)Omega_Rugal_(KoF_'98)(.*)$ https://wiki.basgrospoing.fr/omega-rugal-kof-98.html [L,R=301]
RewriteRule ^(.*)Oni_(SSFIV)(.*)$ https://wiki.basgrospoing.fr/oni-ssfiv.html [L,R=301]
RewriteRule ^(.*)Original_Zero_(2k2um)(.*)$ https://wiki.basgrospoing.fr/original-zero-2k2um.html [L,R=301]
RewriteRule ^(.*)Origine_des_Personnages_(Capcom)(.*)$ https://wiki.basgrospoing.fr/origine-des-personnages-capcom.html [L,R=301]
RewriteRule ^(.*)Origine_des_Personnages_(Tatsunoko)(.*)$ https://wiki.basgrospoing.fr/origine-des-personnages-tatsunoko.html [L,R=301]
RewriteRule ^(.*)Oro_(3S)(.*)$ https://wiki.basgrospoing.fr/oro-3s.html [L,R=301]
RewriteRule ^(.*)Orochi_(98um)(.*)$ https://wiki.basgrospoing.fr/orochi-98um.html [L,R=301]
RewriteRule ^(.*)Orochi_Chris_(2k2um)(.*)$ https://wiki.basgrospoing.fr/orochi-chris-2k2um.html [L,R=301]
RewriteRule ^(.*)Orochi_Chris(.*)$ https://wiki.basgrospoing.fr/orochi-chris-2k2um.html [L,R=301]
RewriteRule ^(.*)Orochi_Chris_(98um)(.*)$ https://wiki.basgrospoing.fr/orochi-chris-98um.html [L,R=301]
RewriteRule ^(.*)Orochi_Chris_(KoF_'98)(.*)$ https://wiki.basgrospoing.fr/orochi-chris-kof-98.html [L,R=301]
RewriteRule ^(.*)Orochi_Shermie_(2k2um)(.*)$ https://wiki.basgrospoing.fr/orochi-shermie-2k2um.html [L,R=301]
RewriteRule ^(.*)Orochi_Shermie(.*)$ https://wiki.basgrospoing.fr/orochi-shermie-2k2um.html [L,R=301]
RewriteRule ^(.*)Orochi_Shermie_(98um)(.*)$ https://wiki.basgrospoing.fr/orochi-shermie-98um.html [L,R=301]
RewriteRule ^(.*)Orochi_Shermie_(KoF_'98)(.*)$ https://wiki.basgrospoing.fr/orochi-shermie-kof-98.html [L,R=301]
RewriteRule ^(.*)Orochi_Yashiro_(2k2um)(.*)$ https://wiki.basgrospoing.fr/orochi-yashiro-2k2um.html [L,R=301]
RewriteRule ^(.*)Orochi_Yashiro(.*)$ https://wiki.basgrospoing.fr/orochi-yashiro-2k2um.html [L,R=301]
RewriteRule ^(.*)Orochi_Yashiro_(98um)(.*)$ https://wiki.basgrospoing.fr/orochi-yashiro-98um.html [L,R=301]
RewriteRule ^(.*)Orochi_Yashiro_(KoF_'98)(.*)$ https://wiki.basgrospoing.fr/orochi-yashiro-kof-98.html [L,R=301]
RewriteRule ^(.*)P4A/Aigis(.*)$ https://wiki.basgrospoing.fr/p4a-aigis.html [L,R=301]
RewriteRule ^(.*)Aigis(.*)$ https://wiki.basgrospoing.fr/p4a-aigis.html [L,R=301]
RewriteRule ^(.*)P4A/Akihiko_Sanada(.*)$ https://wiki.basgrospoing.fr/p4a-akihiko-sanada.html [L,R=301]
RewriteRule ^(.*)Akihiko_Sanada(.*)$ https://wiki.basgrospoing.fr/p4a-akihiko-sanada.html [L,R=301]
RewriteRule ^(.*)P4A/Chie_Satonaka(.*)$ https://wiki.basgrospoing.fr/p4a-chie-satonaka.html [L,R=301]
RewriteRule ^(.*)Chie_Satonaka(.*)$ https://wiki.basgrospoing.fr/p4a-chie-satonaka.html [L,R=301]
RewriteRule ^(.*)P4A/Elizabeth(.*)$ https://wiki.basgrospoing.fr/p4a-elizabeth.html [L,R=301]
RewriteRule ^(.*)Elizabeth(.*)$ https://wiki.basgrospoing.fr/p4a-elizabeth.html [L,R=301]
RewriteRule ^(.*)P4A/Interface_et_contrôle(.*)$ https://wiki.basgrospoing.fr/p4a-interface-et-controle.html [L,R=301]
RewriteRule ^(.*)P4A/Kanji_Tatsumi(.*)$ https://wiki.basgrospoing.fr/p4a-kanji-tatsumi.html [L,R=301]
RewriteRule ^(.*)Kanji_Tatsumi(.*)$ https://wiki.basgrospoing.fr/p4a-kanji-tatsumi.html [L,R=301]
RewriteRule ^(.*)P4A/Labrys(.*)$ https://wiki.basgrospoing.fr/p4a-labrys.html [L,R=301]
RewriteRule ^(.*)Labrys(.*)$ https://wiki.basgrospoing.fr/p4a-labrys.html [L,R=301]
RewriteRule ^(.*)P4A/Mitsuru_Kirijo(.*)$ https://wiki.basgrospoing.fr/p4a-mitsuru-kirijo.html [L,R=301]
RewriteRule ^(.*)Mitsuru_Kirijo(.*)$ https://wiki.basgrospoing.fr/p4a-mitsuru-kirijo.html [L,R=301]
RewriteRule ^(.*)P4A/Mécanismes(.*)$ https://wiki.basgrospoing.fr/p4a-mecanismes.html [L,R=301]
RewriteRule ^(.*)P4A/Mécanismes_avancés(.*)$ https://wiki.basgrospoing.fr/p4a-mecanismes-avances.html [L,R=301]
RewriteRule ^(.*)P4A/Naoto_Shirogane(.*)$ https://wiki.basgrospoing.fr/p4a-naoto-shirogane.html [L,R=301]
RewriteRule ^(.*)Naoto_Shirogane(.*)$ https://wiki.basgrospoing.fr/p4a-naoto-shirogane.html [L,R=301]
RewriteRule ^(.*)P4A/Shadow_Labrys(.*)$ https://wiki.basgrospoing.fr/p4a-shadow-labrys.html [L,R=301]
RewriteRule ^(.*)Shadow_Labrys(.*)$ https://wiki.basgrospoing.fr/p4a-shadow-labrys.html [L,R=301]
RewriteRule ^(.*)P4A/Teddie(.*)$ https://wiki.basgrospoing.fr/p4a-teddie.html [L,R=301]
RewriteRule ^(.*)Teddie(.*)$ https://wiki.basgrospoing.fr/p4a-teddie.html [L,R=301]
RewriteRule ^(.*)P4A/Yousuke_Hanamura(.*)$ https://wiki.basgrospoing.fr/p4a-yousuke-hanamura.html [L,R=301]
RewriteRule ^(.*)P4A/Yu_Narukami(.*)$ https://wiki.basgrospoing.fr/p4a-yu-narukami.html [L,R=301]
RewriteRule ^(.*)Yu_Narukami(.*)$ https://wiki.basgrospoing.fr/p4a-yu-narukami.html [L,R=301]
RewriteRule ^(.*)P4A/Yukiko_Amagi(.*)$ https://wiki.basgrospoing.fr/p4a-yukiko-amagi.html [L,R=301]
RewriteRule ^(.*)Yukiko_Amagi(.*)$ https://wiki.basgrospoing.fr/p4a-yukiko-amagi.html [L,R=301]
RewriteRule ^(.*)PTX-40A_(TvC:UAS)(.*)$ https://wiki.basgrospoing.fr/ptx-40a-tvc-uas.html [L,R=301]
RewriteRule ^(.*)Paul_(SFxT)(.*)$ https://wiki.basgrospoing.fr/paul-sfxt.html [L,R=301]
RewriteRule ^(.*)Persona_4_Arena(.*)$ https://wiki.basgrospoing.fr/persona-4-arena.html [L,R=301]
RewriteRule ^(.*)P4A(.*)$ https://wiki.basgrospoing.fr/persona-4-arena.html [L,R=301]
RewriteRule ^(.*)Phoenix_Wright_(UMVC3)(.*)$ https://wiki.basgrospoing.fr/phoenix-wright-umvc3.html [L,R=301]
RewriteRule ^(.*)Platinum_the_Trinity_(BBCS)(.*)$ https://wiki.basgrospoing.fr/platinum-the-trinity-bbcs.html [L,R=301]
RewriteRule ^(.*)Poison_(SFxT)(.*)$ https://wiki.basgrospoing.fr/poison-sfxt.html [L,R=301]
RewriteRule ^(.*)Polimar_(TvC:UAS)(.*)$ https://wiki.basgrospoing.fr/polimar-tvc-uas.html [L,R=301]
RewriteRule ^(.*)Q_(3S)(.*)$ https://wiki.basgrospoing.fr/q-3s.html [L,R=301]
RewriteRule ^(.*)R._Mika_(Street_Fighter_Alpha_3)(.*)$ https://wiki.basgrospoing.fr/r-mika-street-fighter-alpha-3.html [L,R=301]
RewriteRule ^(.*)Rachel_Alucard_(BBCS)(.*)$ https://wiki.basgrospoing.fr/rachel-alucard-bbcs.html [L,R=301]
RewriteRule ^(.*)Ragna_the_Bloodedge_(BBCS)(.*)$ https://wiki.basgrospoing.fr/ragna-the-bloodedge-bbcs.html [L,R=301]
RewriteRule ^(.*)Raiden_(kof13)(.*)$ https://wiki.basgrospoing.fr/raiden-kof13.html [L,R=301]
RewriteRule ^(.*)Ralf_(2k2um)(.*)$ https://wiki.basgrospoing.fr/ralf-2k2um.html [L,R=301]
RewriteRule ^(.*)Ralf(.*)$ https://wiki.basgrospoing.fr/ralf-2k2um.html [L,R=301]
RewriteRule ^(.*)Ralf_Jones_(2k2um)(.*)$ https://wiki.basgrospoing.fr/ralf-jones-2k2um.html [L,R=301]
RewriteRule ^(.*)Ralf_Jones_(98um)(.*)$ https://wiki.basgrospoing.fr/ralf-jones-98um.html [L,R=301]
RewriteRule ^(.*)Ralf_Jones_(KoF_'98)(.*)$ https://wiki.basgrospoing.fr/ralf-jones-kof-98.html [L,R=301]
RewriteRule ^(.*)Ralf_Jones_(kof13)(.*)$ https://wiki.basgrospoing.fr/ralf-jones-kof13.html [L,R=301]
RewriteRule ^(.*)Ramon_(2k2um)(.*)$ https://wiki.basgrospoing.fr/ramon-2k2um.html [L,R=301]
RewriteRule ^(.*)Ramon(.*)$ https://wiki.basgrospoing.fr/ramon-2k2um.html [L,R=301]
RewriteRule ^(.*)Raven_(SFxT)(.*)$ https://wiki.basgrospoing.fr/raven-sfxt.html [L,R=301]
RewriteRule ^(.*)Remy_(3S)(.*)$ https://wiki.basgrospoing.fr/remy-3s.html [L,R=301]
RewriteRule ^(.*)Robert(.*)$ https://wiki.basgrospoing.fr/robert.html [L,R=301]
RewriteRule ^(.*)Robert_Garcia_(2k2um)(.*)$ https://wiki.basgrospoing.fr/robert-garcia-2k2um.html [L,R=301]
RewriteRule ^(.*)Robert_Garcia(.*)$ https://wiki.basgrospoing.fr/robert-garcia-2k2um.html [L,R=301]
RewriteRule ^(.*)Robert_Garcia_(98um)(.*)$ https://wiki.basgrospoing.fr/robert-garcia-98um.html [L,R=301]
RewriteRule ^(.*)Robert_Garcia_(KoF_'94)_(98um)(.*)$ https://wiki.basgrospoing.fr/robert-garcia-kof-94-98um.html [L,R=301]
RewriteRule ^(.*)Robert_Garcia_(KoF_'94-Era)_(KoF_'98)(.*)$ https://wiki.basgrospoing.fr/robert-garcia-kof-94-era-kof-98.html [L,R=301]
RewriteRule ^(.*)Robert_Garcia_(KoF_'98)(.*)$ https://wiki.basgrospoing.fr/robert-garcia-kof-98.html [L,R=301]
RewriteRule ^(.*)Robert_Garcia_(kof13)(.*)$ https://wiki.basgrospoing.fr/robert-garcia-kof13.html [L,R=301]
RewriteRule ^(.*)Rock_(Garou)(.*)$ https://wiki.basgrospoing.fr/rock-garou.html [L,R=301]
RewriteRule ^(.*)Rolento_(SFxT)(.*)$ https://wiki.basgrospoing.fr/rolento-sfxt.html [L,R=301]
RewriteRule ^(.*)Roll_(TvC:UAS)(.*)$ https://wiki.basgrospoing.fr/roll-tvc-uas.html [L,R=301]
RewriteRule ^(.*)Rose_(SSFIV)(.*)$ https://wiki.basgrospoing.fr/rose-ssfiv.html [L,R=301]
RewriteRule ^(.*)Rufus_(SFxT)(.*)$ https://wiki.basgrospoing.fr/rufus-sfxt.html [L,R=301]
RewriteRule ^(.*)Rufus_(SSFIV)(.*)$ https://wiki.basgrospoing.fr/rufus-ssfiv.html [L,R=301]
RewriteRule ^(.*)Rugal_Bernstein_(98um)(.*)$ https://wiki.basgrospoing.fr/rugal-bernstein-98um.html [L,R=301]
RewriteRule ^(.*)Rugal_Bernstein_(KoF_'98)(.*)$ https://wiki.basgrospoing.fr/rugal-bernstein-kof-98.html [L,R=301]
RewriteRule ^(.*)Ryo(.*)$ https://wiki.basgrospoing.fr/ryo.html [L,R=301]
RewriteRule ^(.*)Ryo_Sakazaki_(2k2um)(.*)$ https://wiki.basgrospoing.fr/ryo-sakazaki-2k2um.html [L,R=301]
RewriteRule ^(.*)Ryo_Sakazaki(.*)$ https://wiki.basgrospoing.fr/ryo-sakazaki-2k2um.html [L,R=301]
RewriteRule ^(.*)Ryo_Sakazaki_(98um)(.*)$ https://wiki.basgrospoing.fr/ryo-sakazaki-98um.html [L,R=301]
RewriteRule ^(.*)Ryo_Sakazaki_(Fatal_Fury_Special)(.*)$ https://wiki.basgrospoing.fr/ryo-sakazaki-fatal-fury-special.html [L,R=301]
RewriteRule ^(.*)Ryo_Sakazaki_(KoF_'94)_(98um)(.*)$ https://wiki.basgrospoing.fr/ryo-sakazaki-kof-94-98um.html [L,R=301]
RewriteRule ^(.*)Ryo_Sakazaki_(KoF_'94-Era)_(KoF_'98)(.*)$ https://wiki.basgrospoing.fr/ryo-sakazaki-kof-94-era-kof-98.html [L,R=301]
RewriteRule ^(.*)Ryo_Sakazaki_(KoF_'98)(.*)$ https://wiki.basgrospoing.fr/ryo-sakazaki-kof-98.html [L,R=301]
RewriteRule ^(.*)Ryo_Sakazaki_(kof13)(.*)$ https://wiki.basgrospoing.fr/ryo-sakazaki-kof13.html [L,R=301]
RewriteRule ^(.*)Ryu_(2X)(.*)$ https://wiki.basgrospoing.fr/ryu-2x.html [L,R=301]
RewriteRule ^(.*)Ryu_(3S)(.*)$ https://wiki.basgrospoing.fr/ryu-3s.html [L,R=301]
RewriteRule ^(.*)Ryu_(SFxT)(.*)$ https://wiki.basgrospoing.fr/ryu-sfxt.html [L,R=301]
RewriteRule ^(.*)Ryu_(SSFIV)(.*)$ https://wiki.basgrospoing.fr/ryu-ssfiv.html [L,R=301]
RewriteRule ^(.*)Ryu_(Street_Fighter_Alpha_3)(.*)$ https://wiki.basgrospoing.fr/ryu-street-fighter-alpha-3.html [L,R=301]
RewriteRule ^(.*)Ryu_(TvC:UAS)(.*)$ https://wiki.basgrospoing.fr/ryu-tvc-uas.html [L,R=301]
RewriteRule ^(.*)Ryu_(UMVC3)(.*)$ https://wiki.basgrospoing.fr/ryu-umvc3.html [L,R=301]
RewriteRule ^(.*)Ryuji_Yamazaki_(2k2um)(.*)$ https://wiki.basgrospoing.fr/ryuji-yamazaki-2k2um.html [L,R=301]
RewriteRule ^(.*)Ryuji_Yamazaki_(98um)(.*)$ https://wiki.basgrospoing.fr/ryuji-yamazaki-98um.html [L,R=301]
RewriteRule ^(.*)Ryuji_Yamazaki_(KoF_'98)(.*)$ https://wiki.basgrospoing.fr/ryuji-yamazaki-kof-98.html [L,R=301]
RewriteRule ^(.*)Ryuji_Yamazaki_(RBFF_version)_(98um)(.*)$ https://wiki.basgrospoing.fr/ryuji-yamazaki-rbff-version-98um.html [L,R=301]
RewriteRule ^(.*)Sagat_(2X)(.*)$ https://wiki.basgrospoing.fr/sagat-2x.html [L,R=301]
RewriteRule ^(.*)Sagat_(SFxT)(.*)$ https://wiki.basgrospoing.fr/sagat-sfxt.html [L,R=301]
RewriteRule ^(.*)Sagat_(SSFIV)(.*)$ https://wiki.basgrospoing.fr/sagat-ssfiv.html [L,R=301]
RewriteRule ^(.*)Sagat_(Street_Fighter_Alpha_3)(.*)$ https://wiki.basgrospoing.fr/sagat-street-fighter-alpha-3.html [L,R=301]
RewriteRule ^(.*)Saisyu_Kusanagi_(98um)(.*)$ https://wiki.basgrospoing.fr/saisyu-kusanagi-98um.html [L,R=301]
RewriteRule ^(.*)Saisyu_Kusanagi_(KoF_'98)(.*)$ https://wiki.basgrospoing.fr/saisyu-kusanagi-kof-98.html [L,R=301]
RewriteRule ^(.*)Saki_Omokane_(TvC:UAS)(.*)$ https://wiki.basgrospoing.fr/saki-omokane-tvc-uas.html [L,R=301]
RewriteRule ^(.*)Sakura_(SSFIV)(.*)$ https://wiki.basgrospoing.fr/sakura-ssfiv.html [L,R=301]
RewriteRule ^(.*)Samurai_Shodown_IV:_Amakusa's_Revenge(.*)$ https://wiki.basgrospoing.fr/samurai-shodown-iv-amakusa-s-revenge.html [L,R=301]
RewriteRule ^(.*)Ss4(.*)$ https://wiki.basgrospoing.fr/samurai-shodown-iv-amakusa-s-revenge.html [L,R=301]
RewriteRule ^(.*)Samurai_Shodown_IV_-_Basara_(首切り_破沙羅,_Kubikiri_Basara)(.*)$ https://wiki.basgrospoing.fr/samurai-shodown-iv-basara-kubikiri-basara.html [L,R=301]
RewriteRule ^(.*)Ss4-Basara(.*)$ https://wiki.basgrospoing.fr/samurai-shodown-iv-basara-kubikiri-basara.html [L,R=301]
RewriteRule ^(.*)Samurai_Shodown_IV_-_Charlotte_Christine_de_Colde_(シャルロット＝クリスティーヌ＝ド＝コルデ,_Sharurotto_Kurisutīnu_do_Korude)(.*)$ https://wiki.basgrospoing.fr/samurai-shodown-iv-charlotte-christine-de-colde-sharurotto-kurisutinu-do-korude.html [L,R=301]
RewriteRule ^(.*)Ss4-Charlotte(.*)$ https://wiki.basgrospoing.fr/samurai-shodown-iv-charlotte-christine-de-colde-sharurotto-kurisutinu-do-korude.html [L,R=301]
RewriteRule ^(.*)Samurai_Shodown_IV_-_Gaira_Caffeine_(花諷院_骸羅,_Kafūin_Gaira)(.*)$ https://wiki.basgrospoing.fr/samurai-shodown-iv-gaira-caffeine-kafuin-gaira.html [L,R=301]
RewriteRule ^(.*)Ss4-Gaira(.*)$ https://wiki.basgrospoing.fr/samurai-shodown-iv-gaira-caffeine-kafuin-gaira.html [L,R=301]
RewriteRule ^(.*)Samurai_Shodown_IV_-_Galford_D._Weller_(ガルフォード＝Ｄ＝ウェラー,_Garufōdo_Dī_Werā)(.*)$ https://wiki.basgrospoing.fr/samurai-shodown-iv-galford-d-weller-garufodo-di-wera.html [L,R=301]
RewriteRule ^(.*)Ss4-Galford(.*)$ https://wiki.basgrospoing.fr/samurai-shodown-iv-galford-d-weller-garufodo-di-wera.html [L,R=301]
RewriteRule ^(.*)Samurai_Shodown_IV_-_Genjuro_Kibagami_(牙神_幻十郎,_Kibagami_Genjūrō)(.*)$ https://wiki.basgrospoing.fr/samurai-shodown-iv-genjuro-kibagami-kibagami-genjuro.html [L,R=301]
RewriteRule ^(.*)Ss4-Genjuro(.*)$ https://wiki.basgrospoing.fr/samurai-shodown-iv-genjuro-kibagami-kibagami-genjuro.html [L,R=301]
RewriteRule ^(.*)Samurai_Shodown_IV_-_Hanzo_Hattori_(服部_半蔵,_Hattori_Hanzō)(.*)$ https://wiki.basgrospoing.fr/samurai-shodown-iv-hanzo-hattori-hattori-hanzo.html [L,R=301]
RewriteRule ^(.*)Ss4-Hanzo(.*)$ https://wiki.basgrospoing.fr/samurai-shodown-iv-hanzo-hattori-hattori-hanzo.html [L,R=301]
RewriteRule ^(.*)Samurai_Shodown_IV_-_Haohmaru_(覇王丸,_Haōmaru)(.*)$ https://wiki.basgrospoing.fr/samurai-shodown-iv-haohmaru-haomaru.html [L,R=301]
RewriteRule ^(.*)Ss4-Haohmaru(.*)$ https://wiki.basgrospoing.fr/samurai-shodown-iv-haohmaru-haomaru.html [L,R=301]
RewriteRule ^(.*)Samurai_Shodown_IV_-_Jubei_Yagyu_(柳生_十兵衛,_Yagyū_Jūbee)(.*)$ https://wiki.basgrospoing.fr/samurai-shodown-iv-jubei-yagyu-yagyu-jubee.html [L,R=301]
RewriteRule ^(.*)Ss4-Jubei(.*)$ https://wiki.basgrospoing.fr/samurai-shodown-iv-jubei-yagyu-yagyu-jubee.html [L,R=301]
RewriteRule ^(.*)Samurai_Shodown_IV_-_Kazuki_Kazama_(風間_火月,_Kazama_Kazuki)(.*)$ https://wiki.basgrospoing.fr/samurai-shodown-iv-kazuki-kazama-kazama-kazuki.html [L,R=301]
RewriteRule ^(.*)Ss4-Kazuki(.*)$ https://wiki.basgrospoing.fr/samurai-shodown-iv-kazuki-kazama-kazama-kazuki.html [L,R=301]
RewriteRule ^(.*)Samurai_Shodown_IV_-_Kyoshiro_Senryo_(千両_狂死郎,_Senryō_Kyōshirō)(.*)$ https://wiki.basgrospoing.fr/samurai-shodown-iv-kyoshiro-senryo-senryo-kyoshiro.html [L,R=301]
RewriteRule ^(.*)Ss4-Kyoshiro(.*)$ https://wiki.basgrospoing.fr/samurai-shodown-iv-kyoshiro-senryo-senryo-kyoshiro.html [L,R=301]
RewriteRule ^(.*)Samurai_Shodown_IV_-_Nakoruru_(ナコルル,_Nakoruru)(.*)$ https://wiki.basgrospoing.fr/samurai-shodown-iv-nakoruru-nakoruru.html [L,R=301]
RewriteRule ^(.*)Ss4-Nakoruru(.*)$ https://wiki.basgrospoing.fr/samurai-shodown-iv-nakoruru-nakoruru.html [L,R=301]
RewriteRule ^(.*)Samurai_Shodown_IV_-_Rimururu_(リムルル,_Rimururu)(.*)$ https://wiki.basgrospoing.fr/samurai-shodown-iv-rimururu-rimururu.html [L,R=301]
RewriteRule ^(.*)Ss4-Rimururu(.*)$ https://wiki.basgrospoing.fr/samurai-shodown-iv-rimururu-rimururu.html [L,R=301]
RewriteRule ^(.*)Samurai_Shodown_IV_-_Shiro_Tokisada_Amakusa_(天草_四郎_時貞,_Amakusa_Shirō_Tokisada)(.*)$ https://wiki.basgrospoing.fr/samurai-shodown-iv-shiro-tokisada-amakusa-amakusa-shiro-tokisada.html [L,R=301]
RewriteRule ^(.*)Ss4-Shiro(.*)$ https://wiki.basgrospoing.fr/samurai-shodown-iv-shiro-tokisada-amakusa-amakusa-shiro-tokisada.html [L,R=301]
RewriteRule ^(.*)Samurai_Shodown_IV_-_Shizumaru_Hisame_(緋雨_閑丸,_Hisame_Shizumaru)(.*)$ https://wiki.basgrospoing.fr/samurai-shodown-iv-shizumaru-hisame-hisame-shizumaru.html [L,R=301]
RewriteRule ^(.*)Ss4-Shizumaru(.*)$ https://wiki.basgrospoing.fr/samurai-shodown-iv-shizumaru-hisame-hisame-shizumaru.html [L,R=301]
RewriteRule ^(.*)Samurai_Shodown_IV_-_Sogetsu_Kazama_(風間_蒼月,_Kazama_Sogetsu)(.*)$ https://wiki.basgrospoing.fr/samurai-shodown-iv-sogetsu-kazama-kazama-sogetsu.html [L,R=301]
RewriteRule ^(.*)Ss4-Sogetsu(.*)$ https://wiki.basgrospoing.fr/samurai-shodown-iv-sogetsu-kazama-kazama-sogetsu.html [L,R=301]
RewriteRule ^(.*)Samurai_Shodown_IV_-_Tam_Tam_(タムタム,_Tamu_Tamu)(.*)$ https://wiki.basgrospoing.fr/samurai-shodown-iv-tam-tam-tamu-tamu.html [L,R=301]
RewriteRule ^(.*)Ss4-TamTam(.*)$ https://wiki.basgrospoing.fr/samurai-shodown-iv-tam-tam-tamu-tamu.html [L,R=301]
RewriteRule ^(.*)Samurai_Shodown_IV_-_Ukyo_Tachibana_(橘_右京,_Tachibana_Ukyō)(.*)$ https://wiki.basgrospoing.fr/samurai-shodown-iv-ukyo-tachibana-tachibana-ukyo.html [L,R=301]
RewriteRule ^(.*)Ss4-Ukyo(.*)$ https://wiki.basgrospoing.fr/samurai-shodown-iv-ukyo-tachibana-tachibana-ukyo.html [L,R=301]
RewriteRule ^(.*)Samurai_Shodown_IV_-_Zankuro_Minazuki_(壬無月_斬紅郎,_Minazuki_Zankurō)(.*)$ https://wiki.basgrospoing.fr/samurai-shodown-iv-zankuro-minazuki-minazuki-zankuro.html [L,R=301]
RewriteRule ^(.*)Zankuro_Minazuki_(壬無月_斬紅郎,_Minazuki_Zankurō)(.*)$ https://wiki.basgrospoing.fr/samurai-shodown-iv-zankuro-minazuki-minazuki-zankuro.html [L,R=301]
RewriteRule ^(.*)Sean_(3S)(.*)$ https://wiki.basgrospoing.fr/sean-3s.html [L,R=301]
RewriteRule ^(.*)Seth_(2k2um)(.*)$ https://wiki.basgrospoing.fr/seth-2k2um.html [L,R=301]
RewriteRule ^(.*)Seth(.*)$ https://wiki.basgrospoing.fr/seth-2k2um.html [L,R=301]
RewriteRule ^(.*)Seth_(SSFIV)(.*)$ https://wiki.basgrospoing.fr/seth-ssfiv.html [L,R=301]
RewriteRule ^(.*)Shen_Woo_(kof13)(.*)$ https://wiki.basgrospoing.fr/shen-woo-kof13.html [L,R=301]
RewriteRule ^(.*)Shermie_(2k2um)(.*)$ https://wiki.basgrospoing.fr/shermie-2k2um.html [L,R=301]
RewriteRule ^(.*)Shermie(.*)$ https://wiki.basgrospoing.fr/shermie-2k2um.html [L,R=301]
RewriteRule ^(.*)Shermie_(98um)(.*)$ https://wiki.basgrospoing.fr/shermie-98um.html [L,R=301]
RewriteRule ^(.*)Shermie_(KoF_'98)(.*)$ https://wiki.basgrospoing.fr/shermie-kof-98.html [L,R=301]
RewriteRule ^(.*)Shingo_Yabuki_(2k2um)(.*)$ https://wiki.basgrospoing.fr/shingo-yabuki-2k2um.html [L,R=301]
RewriteRule ^(.*)Shingo_Yabuki_(98um)(.*)$ https://wiki.basgrospoing.fr/shingo-yabuki-98um.html [L,R=301]
RewriteRule ^(.*)Shingo_Yabuki_(KoF_'98)(.*)$ https://wiki.basgrospoing.fr/shingo-yabuki-kof-98.html [L,R=301]
RewriteRule ^(.*)Sie_Kensou_(2k2um)(.*)$ https://wiki.basgrospoing.fr/sie-kensou-2k2um.html [L,R=301]
RewriteRule ^(.*)Sie_Kensou_(98um)(.*)$ https://wiki.basgrospoing.fr/sie-kensou-98um.html [L,R=301]
RewriteRule ^(.*)Sie_Kensou_(KoF_'98)(.*)$ https://wiki.basgrospoing.fr/sie-kensou-kof-98.html [L,R=301]
RewriteRule ^(.*)Sie_Kensou_(kof13)(.*)$ https://wiki.basgrospoing.fr/sie-kensou-kof13.html [L,R=301]
RewriteRule ^(.*)Soulcalibur_5(.*)$ https://wiki.basgrospoing.fr/soulcalibur-5.html [L,R=301]
RewriteRule ^(.*)Spencer_(UMVC3)(.*)$ https://wiki.basgrospoing.fr/spencer-umvc3.html [L,R=301]
RewriteRule ^(.*)Stadium(.*)$ https://wiki.basgrospoing.fr/stadium.html [L,R=301]
RewriteRule ^(.*)Steve_(SFxT)(.*)$ https://wiki.basgrospoing.fr/steve-sfxt.html [L,R=301]
RewriteRule ^(.*)Street_Fighter_3:_3rd_Strike(.*)$ https://wiki.basgrospoing.fr/street-fighter-3-3rd-strike.html [L,R=301]
RewriteRule ^(.*)Street_Fighter_Alpha_3(.*)$ https://wiki.basgrospoing.fr/street-fighter-alpha-3.html [L,R=301]
RewriteRule ^(.*)Street_Fighter_x_Tekken(.*)$ https://wiki.basgrospoing.fr/street-fighter-x-tekken.html [L,R=301]
RewriteRule ^(.*)Strider_(UMVC3)(.*)$ https://wiki.basgrospoing.fr/strider-umvc3.html [L,R=301]
RewriteRule ^(.*)Super_Street_Fighter_II_Turbo_HD_Remix(.*)$ https://wiki.basgrospoing.fr/super-street-fighter-ii-turbo-hd-remix.html [L,R=301]
RewriteRule ^(.*)Super_Street_Fighter_II_X(.*)$ https://wiki.basgrospoing.fr/super-street-fighter-ii-x.html [L,R=301]
RewriteRule ^(.*)Super_Street_Fighter_IV(.*)$ https://wiki.basgrospoing.fr/super-street-fighter-iv.html [L,R=301]
RewriteRule ^(.*)Super_tir(.*)$ https://wiki.basgrospoing.fr/super-tir.html [L,R=301]
RewriteRule ^(.*)T._Hawk_(2X)(.*)$ https://wiki.basgrospoing.fr/t-hawk-2x.html [L,R=301]
RewriteRule ^(.*)T._Hawk_(SSFIV)(.*)$ https://wiki.basgrospoing.fr/t-hawk-ssfiv.html [L,R=301]
RewriteRule ^(.*)Takuma(.*)$ https://wiki.basgrospoing.fr/takuma.html [L,R=301]
RewriteRule ^(.*)Takuma_Sakazaki_(2k2um)(.*)$ https://wiki.basgrospoing.fr/takuma-sakazaki-2k2um.html [L,R=301]
RewriteRule ^(.*)Takuma_Sakazaki(.*)$ https://wiki.basgrospoing.fr/takuma-sakazaki-2k2um.html [L,R=301]
RewriteRule ^(.*)Takuma_Sakazaki_(98um)(.*)$ https://wiki.basgrospoing.fr/takuma-sakazaki-98um.html [L,R=301]
RewriteRule ^(.*)Takuma_Sakazaki_(KoF_'98)(.*)$ https://wiki.basgrospoing.fr/takuma-sakazaki-kof-98.html [L,R=301]
RewriteRule ^(.*)Takuma_Sakazaki_(kof13)(.*)$ https://wiki.basgrospoing.fr/takuma-sakazaki-kof13.html [L,R=301]
RewriteRule ^(.*)Taokaka_(BBCS)(.*)$ https://wiki.basgrospoing.fr/taokaka-bbcs.html [L,R=301]
RewriteRule ^(.*)Tatsunoko_vs_Capcom(.*)$ https://wiki.basgrospoing.fr/tatsunoko-vs-capcom.html [L,R=301]
RewriteRule ^(.*)Tatsunoko_vs_Capcom_Cross_Generation_of_Heroes(.*)$ https://wiki.basgrospoing.fr/tatsunoko-vs-capcom-cross-generation-of-heroes.html [L,R=301]
RewriteRule ^(.*)Tatsunoko_vs_Capcom_Ultimate_All-Stars(.*)$ https://wiki.basgrospoing.fr/tatsunoko-vs-capcom-ultimate-all-stars.html [L,R=301]
RewriteRule ^(.*)Tatsunoko_vs_Capcom_Ultimate_All-Stars_(TvC:UAS)(.*)$ https://wiki.basgrospoing.fr/tatsunoko-vs-capcom-ultimate-all-stars-tvc-uas.html [L,R=301]
RewriteRule ^(.*)Tekkaman_(TvC:UAS)(.*)$ https://wiki.basgrospoing.fr/tekkaman-tvc-uas.html [L,R=301]
RewriteRule ^(.*)Tekkaman_Blade_(TvC:UAS)(.*)$ https://wiki.basgrospoing.fr/tekkaman-blade-tvc-uas.html [L,R=301]
RewriteRule ^(.*)Terry(.*)$ https://wiki.basgrospoing.fr/terry.html [L,R=301]
RewriteRule ^(.*)Terry_Bogard_(2k2um)(.*)$ https://wiki.basgrospoing.fr/terry-bogard-2k2um.html [L,R=301]
RewriteRule ^(.*)Terry_Bogard(.*)$ https://wiki.basgrospoing.fr/terry-bogard-2k2um.html [L,R=301]
RewriteRule ^(.*)Terry_Bogard_(98um)(.*)$ https://wiki.basgrospoing.fr/terry-bogard-98um.html [L,R=301]
RewriteRule ^(.*)Terry_Bogard_(Fatal_Fury_Special)(.*)$ https://wiki.basgrospoing.fr/terry-bogard-fatal-fury-special.html [L,R=301]
RewriteRule ^(.*)Terry_Bogard_(Garou)(.*)$ https://wiki.basgrospoing.fr/terry-bogard-garou.html [L,R=301]
RewriteRule ^(.*)Terry_Bogard_(KoF_'98)(.*)$ https://wiki.basgrospoing.fr/terry-bogard-kof-98.html [L,R=301]
RewriteRule ^(.*)Terry_Bogard_(Real_Bout_2-Era)_(KoF_'98)(.*)$ https://wiki.basgrospoing.fr/terry-bogard-real-bout-2-era-kof-98.html [L,R=301]
RewriteRule ^(.*)Terry_Bogard_(Real_Bout_Fatal_Fury_version)_(98um)(.*)$ https://wiki.basgrospoing.fr/terry-bogard-real-bout-fatal-fury-version-98um.html [L,R=301]
RewriteRule ^(.*)Terry_Bogard_(kof13)(.*)$ https://wiki.basgrospoing.fr/terry-bogard-kof13.html [L,R=301]
RewriteRule ^(.*)The_King_of_Fighters_'98:_The_Slugfest(.*)$ https://wiki.basgrospoing.fr/the-king-of-fighters-98-the-slugfest.html [L,R=301]
RewriteRule ^(.*)The_King_of_Fighters_'98:_Unlimited_Match(.*)$ https://wiki.basgrospoing.fr/the-king-of-fighters-98-unlimited-match.html [L,R=301]
RewriteRule ^(.*)The_King_of_Fighters_2k2:_Unlimited_Match(.*)$ https://wiki.basgrospoing.fr/the-king-of-fighters-2k2-unlimited-match.html [L,R=301]
RewriteRule ^(.*)The_King_of_Fighters_XIII(.*)$ https://wiki.basgrospoing.fr/the-king-of-fighters-xiii.html [L,R=301]
RewriteRule ^(.*)The_King_of_Fighters_XI_-_Ash_Crimson(.*)$ https://wiki.basgrospoing.fr/the-king-of-fighters-xi-ash-crimson.html [L,R=301]
RewriteRule ^(.*)Kofxi-ash-crimson(.*)$ https://wiki.basgrospoing.fr/the-king-of-fighters-xi-ash-crimson.html [L,R=301]
RewriteRule ^(.*)The_King_of_Fighters_XI_-_Athena_Asamiya(.*)$ https://wiki.basgrospoing.fr/the-king-of-fighters-xi-athena-asamiya.html [L,R=301]
RewriteRule ^(.*)Kofxi-athena-asamiya(.*)$ https://wiki.basgrospoing.fr/the-king-of-fighters-xi-athena-asamiya.html [L,R=301]
RewriteRule ^(.*)The_King_of_Fighters_XI_-_Benimaru_Nikaido(.*)$ https://wiki.basgrospoing.fr/the-king-of-fighters-xi-benimaru-nikaido.html [L,R=301]
RewriteRule ^(.*)Kofxi-benimaru-nikaido(.*)$ https://wiki.basgrospoing.fr/the-king-of-fighters-xi-benimaru-nikaido.html [L,R=301]
RewriteRule ^(.*)The_King_of_Fighters_XI_-_Blue_Mary(.*)$ https://wiki.basgrospoing.fr/the-king-of-fighters-xi-blue-mary.html [L,R=301]
RewriteRule ^(.*)Kofxi-blue-mary(.*)$ https://wiki.basgrospoing.fr/the-king-of-fighters-xi-blue-mary.html [L,R=301]
RewriteRule ^(.*)The_King_of_Fighters_XI_-_Bonne_Jenet(.*)$ https://wiki.basgrospoing.fr/the-king-of-fighters-xi-bonne-jenet.html [L,R=301]
RewriteRule ^(.*)Kofxi-bonne-jenet(.*)$ https://wiki.basgrospoing.fr/the-king-of-fighters-xi-bonne-jenet.html [L,R=301]
RewriteRule ^(.*)The_King_of_Fighters_XI_-_Clark_Steel(.*)$ https://wiki.basgrospoing.fr/the-king-of-fighters-xi-clark-steel.html [L,R=301]
RewriteRule ^(.*)Kofxi-clark-steel(.*)$ https://wiki.basgrospoing.fr/the-king-of-fighters-xi-clark-steel.html [L,R=301]
RewriteRule ^(.*)The_King_of_Fighters_XI_-_Duck_King(.*)$ https://wiki.basgrospoing.fr/the-king-of-fighters-xi-duck-king.html [L,R=301]
RewriteRule ^(.*)Kofxi-duck-king(.*)$ https://wiki.basgrospoing.fr/the-king-of-fighters-xi-duck-king.html [L,R=301]
RewriteRule ^(.*)The_King_of_Fighters_XI_-_Duo_Lon(.*)$ https://wiki.basgrospoing.fr/the-king-of-fighters-xi-duo-lon.html [L,R=301]
RewriteRule ^(.*)Kofxi-duo-lon(.*)$ https://wiki.basgrospoing.fr/the-king-of-fighters-xi-duo-lon.html [L,R=301]
RewriteRule ^(.*)The_King_of_Fighters_XI_-_Eiji_Kisaragi(.*)$ https://wiki.basgrospoing.fr/the-king-of-fighters-xi-eiji-kisaragi.html [L,R=301]
RewriteRule ^(.*)Kofxi-eiji-kisaragi(.*)$ https://wiki.basgrospoing.fr/the-king-of-fighters-xi-eiji-kisaragi.html [L,R=301]
RewriteRule ^(.*)The_King_of_Fighters_XI_-_Elisabeth_Blanctorche(.*)$ https://wiki.basgrospoing.fr/the-king-of-fighters-xi-elisabeth-blanctorche.html [L,R=301]
RewriteRule ^(.*)Kofxi-elisabeth-blanctorche(.*)$ https://wiki.basgrospoing.fr/the-king-of-fighters-xi-elisabeth-blanctorche.html [L,R=301]
RewriteRule ^(.*)The_King_of_Fighters_XI_-_Gato_Futaba(.*)$ https://wiki.basgrospoing.fr/the-king-of-fighters-xi-gato-futaba.html [L,R=301]
RewriteRule ^(.*)The_King_of_Fighters_XI_-_Gato(.*)$ https://wiki.basgrospoing.fr/the-king-of-fighters-xi-gato-futaba.html [L,R=301]
RewriteRule ^(.*)The_King_of_Fighters_XI_-_Griffon(.*)$ https://wiki.basgrospoing.fr/the-king-of-fighters-xi-griffon.html [L,R=301]
RewriteRule ^(.*)Kofxi-griffon(.*)$ https://wiki.basgrospoing.fr/the-king-of-fighters-xi-griffon.html [L,R=301]
RewriteRule ^(.*)The_King_of_Fighters_XI_-_Iori_Yagami(.*)$ https://wiki.basgrospoing.fr/the-king-of-fighters-xi-iori-yagami.html [L,R=301]
RewriteRule ^(.*)Kofxi-iori-yagami(.*)$ https://wiki.basgrospoing.fr/the-king-of-fighters-xi-iori-yagami.html [L,R=301]
RewriteRule ^(.*)The_King_of_Fighters_XI_-_K'(.*)$ https://wiki.basgrospoing.fr/the-king-of-fighters-xi-k.html [L,R=301]
RewriteRule ^(.*)Kofxi-k(.*)$ https://wiki.basgrospoing.fr/the-king-of-fighters-xi-k.html [L,R=301]
RewriteRule ^(.*)The_King_of_Fighters_XI_-_Kasumi_Todoh(.*)$ https://wiki.basgrospoing.fr/the-king-of-fighters-xi-kasumi-todoh.html [L,R=301]
RewriteRule ^(.*)Kofxi-kasumi-todoh(.*)$ https://wiki.basgrospoing.fr/the-king-of-fighters-xi-kasumi-todoh.html [L,R=301]
RewriteRule ^(.*)The_King_of_Fighters_XI_-_Kim_Kaphwan(.*)$ https://wiki.basgrospoing.fr/the-king-of-fighters-xi-kim-kaphwan.html [L,R=301]
RewriteRule ^(.*)Kofxi-kim-kaphwan(.*)$ https://wiki.basgrospoing.fr/the-king-of-fighters-xi-kim-kaphwan.html [L,R=301]
RewriteRule ^(.*)The_King_of_Fighters_XI_-_King(.*)$ https://wiki.basgrospoing.fr/the-king-of-fighters-xi-king.html [L,R=301]
RewriteRule ^(.*)Kofxi-king(.*)$ https://wiki.basgrospoing.fr/the-king-of-fighters-xi-king.html [L,R=301]
RewriteRule ^(.*)The_King_of_Fighters_XI_-_Kula_Diamond(.*)$ https://wiki.basgrospoing.fr/the-king-of-fighters-xi-kula-diamond.html [L,R=301]
RewriteRule ^(.*)Kofxi-kula-diamond(.*)$ https://wiki.basgrospoing.fr/the-king-of-fighters-xi-kula-diamond.html [L,R=301]
RewriteRule ^(.*)The_King_of_Fighters_XI_-_Kyo_Kusanagi(.*)$ https://wiki.basgrospoing.fr/the-king-of-fighters-xi-kyo-kusanagi.html [L,R=301]
RewriteRule ^(.*)Kofxi-kyo-kusanagi(.*)$ https://wiki.basgrospoing.fr/the-king-of-fighters-xi-kyo-kusanagi.html [L,R=301]
RewriteRule ^(.*)The_King_of_Fighters_XI_-_Magaki(.*)$ https://wiki.basgrospoing.fr/the-king-of-fighters-xi-magaki.html [L,R=301]
RewriteRule ^(.*)Kofxi_magaki(.*)$ https://wiki.basgrospoing.fr/the-king-of-fighters-xi-magaki.html [L,R=301]
RewriteRule ^(.*)The_King_of_Fighters_XI_-_Malin(.*)$ https://wiki.basgrospoing.fr/the-king-of-fighters-xi-malin.html [L,R=301]
RewriteRule ^(.*)Kofxi-malin(.*)$ https://wiki.basgrospoing.fr/the-king-of-fighters-xi-malin.html [L,R=301]
RewriteRule ^(.*)The_King_of_Fighters_XI_-_Maxima(.*)$ https://wiki.basgrospoing.fr/the-king-of-fighters-xi-maxima.html [L,R=301]
RewriteRule ^(.*)Kofxi-maxima(.*)$ https://wiki.basgrospoing.fr/the-king-of-fighters-xi-maxima.html [L,R=301]
RewriteRule ^(.*)The_King_of_Fighters_XI_-_Momoko(.*)$ https://wiki.basgrospoing.fr/the-king-of-fighters-xi-momoko.html [L,R=301]
RewriteRule ^(.*)Kofxi-momoko(.*)$ https://wiki.basgrospoing.fr/the-king-of-fighters-xi-momoko.html [L,R=301]
RewriteRule ^(.*)The_King_of_Fighters_XI_-_Oswald(.*)$ https://wiki.basgrospoing.fr/the-king-of-fighters-xi-oswald.html [L,R=301]
RewriteRule ^(.*)Kofxi-oswald(.*)$ https://wiki.basgrospoing.fr/the-king-of-fighters-xi-oswald.html [L,R=301]
RewriteRule ^(.*)The_King_of_Fighters_XI_-_Ralf_Jones(.*)$ https://wiki.basgrospoing.fr/the-king-of-fighters-xi-ralf-jones.html [L,R=301]
RewriteRule ^(.*)Kofxi-ralf-jones(.*)$ https://wiki.basgrospoing.fr/the-king-of-fighters-xi-ralf-jones.html [L,R=301]
RewriteRule ^(.*)The_King_of_Fighters_XI_-_Ramon(.*)$ https://wiki.basgrospoing.fr/the-king-of-fighters-xi-ramon.html [L,R=301]
RewriteRule ^(.*)Kofxi-ramon(.*)$ https://wiki.basgrospoing.fr/the-king-of-fighters-xi-ramon.html [L,R=301]
RewriteRule ^(.*)The_King_of_Fighters_XI_-_Ryo_Sakazaki(.*)$ https://wiki.basgrospoing.fr/the-king-of-fighters-xi-ryo-sakazaki.html [L,R=301]
RewriteRule ^(.*)Kofxi-ryo-sakazaki(.*)$ https://wiki.basgrospoing.fr/the-king-of-fighters-xi-ryo-sakazaki.html [L,R=301]
RewriteRule ^(.*)The_King_of_Fighters_XI_-_Shen_Woo(.*)$ https://wiki.basgrospoing.fr/the-king-of-fighters-xi-shen-woo.html [L,R=301]
RewriteRule ^(.*)Kofxi-shen-woo(.*)$ https://wiki.basgrospoing.fr/the-king-of-fighters-xi-shen-woo.html [L,R=301]
RewriteRule ^(.*)The_King_of_Fighters_XI_-_Shingo_Yabuki(.*)$ https://wiki.basgrospoing.fr/the-king-of-fighters-xi-shingo-yabuki.html [L,R=301]
RewriteRule ^(.*)Kofxi-shingo-yabuki(.*)$ https://wiki.basgrospoing.fr/the-king-of-fighters-xi-shingo-yabuki.html [L,R=301]
RewriteRule ^(.*)The_King_of_Fighters_XI_-_Shion(.*)$ https://wiki.basgrospoing.fr/the-king-of-fighters-xi-shion.html [L,R=301]
RewriteRule ^(.*)Kofxi-shion(.*)$ https://wiki.basgrospoing.fr/the-king-of-fighters-xi-shion.html [L,R=301]
RewriteRule ^(.*)The_King_of_Fighters_XI_-_Sie_Kensou(.*)$ https://wiki.basgrospoing.fr/the-king-of-fighters-xi-sie-kensou.html [L,R=301]
RewriteRule ^(.*)Kofxi-sie-kensou(.*)$ https://wiki.basgrospoing.fr/the-king-of-fighters-xi-sie-kensou.html [L,R=301]
RewriteRule ^(.*)The_King_of_Fighters_XI_-_Terry_Bogard(.*)$ https://wiki.basgrospoing.fr/the-king-of-fighters-xi-terry-bogard.html [L,R=301]
RewriteRule ^(.*)Kofxi-terry-bogard(.*)$ https://wiki.basgrospoing.fr/the-king-of-fighters-xi-terry-bogard.html [L,R=301]
RewriteRule ^(.*)The_King_of_Fighters_XI_-_Vanessa(.*)$ https://wiki.basgrospoing.fr/the-king-of-fighters-xi-vanessa.html [L,R=301]
RewriteRule ^(.*)Kofxi-vanessa(.*)$ https://wiki.basgrospoing.fr/the-king-of-fighters-xi-vanessa.html [L,R=301]
RewriteRule ^(.*)The_King_of_Fighters_XI_-_Whip(.*)$ https://wiki.basgrospoing.fr/the-king-of-fighters-xi-whip.html [L,R=301]
RewriteRule ^(.*)Kofxi-whip(.*)$ https://wiki.basgrospoing.fr/the-king-of-fighters-xi-whip.html [L,R=301]
RewriteRule ^(.*)The_King_of_Fighters_XI_-_Yuri_Sakazaki(.*)$ https://wiki.basgrospoing.fr/the-king-of-fighters-xi-yuri-sakazaki.html [L,R=301]
RewriteRule ^(.*)Kofxi-yuri-sakazaki(.*)$ https://wiki.basgrospoing.fr/the-king-of-fighters-xi-yuri-sakazaki.html [L,R=301]
RewriteRule ^(.*)Tiled(.*)$ https://wiki.basgrospoing.fr/tiled.html [L,R=301]
RewriteRule ^(.*)Tizoc_(Garou)(.*)$ https://wiki.basgrospoing.fr/tizoc-garou.html [L,R=301]
RewriteRule ^(.*)Trish_(UMVC3)(.*)$ https://wiki.basgrospoing.fr/trish-umvc3.html [L,R=301]
RewriteRule ^(.*)Tron_Bonne_(UMVC3)(.*)$ https://wiki.basgrospoing.fr/tron-bonne-umvc3.html [L,R=301]
RewriteRule ^(.*)Tsubaki_Yayoi_(BBCS)(.*)$ https://wiki.basgrospoing.fr/tsubaki-yayoi-bbcs.html [L,R=301]
RewriteRule ^(.*)Tung_Fu_Rue_(Fatal_Fury_Special)(.*)$ https://wiki.basgrospoing.fr/tung-fu-rue-fatal-fury-special.html [L,R=301]
RewriteRule ^(.*)Twelve_(3S)(.*)$ https://wiki.basgrospoing.fr/twelve-3s.html [L,R=301]
RewriteRule ^(.*)Ultimate_Marvel_vs_Capcom_3(.*)$ https://wiki.basgrospoing.fr/ultimate-marvel-vs-capcom-3.html [L,R=301]
RewriteRule ^(.*)Urien_(3S)(.*)$ https://wiki.basgrospoing.fr/urien-3s.html [L,R=301]
RewriteRule ^(.*)Valkenhayn=R=Hellsing_(BBCS)(.*)$ https://wiki.basgrospoing.fr/valkenhayn-r-hellsing-bbcs.html [L,R=301]
RewriteRule ^(.*)Vanessa_(2k2um)(.*)$ https://wiki.basgrospoing.fr/vanessa-2k2um.html [L,R=301]
RewriteRule ^(.*)Vanessa(.*)$ https://wiki.basgrospoing.fr/vanessa-2k2um.html [L,R=301]
RewriteRule ^(.*)Vega_(2X)(.*)$ https://wiki.basgrospoing.fr/vega-2x.html [L,R=301]
RewriteRule ^(.*)Vega_(SFxT)(.*)$ https://wiki.basgrospoing.fr/vega-sfxt.html [L,R=301]
RewriteRule ^(.*)Vega_(SSFIV)(.*)$ https://wiki.basgrospoing.fr/vega-ssfiv.html [L,R=301]
RewriteRule ^(.*)Vergil_(UMVC3)(.*)$ https://wiki.basgrospoing.fr/vergil-umvc3.html [L,R=301]
RewriteRule ^(.*)Vice_(2k2um)(.*)$ https://wiki.basgrospoing.fr/vice-2k2um.html [L,R=301]
RewriteRule ^(.*)Vice(.*)$ https://wiki.basgrospoing.fr/vice-2k2um.html [L,R=301]
RewriteRule ^(.*)Vice_(98um)(.*)$ https://wiki.basgrospoing.fr/vice-98um.html [L,R=301]
RewriteRule ^(.*)Vice_(KoF_'98)(.*)$ https://wiki.basgrospoing.fr/vice-kof-98.html [L,R=301]
RewriteRule ^(.*)Vice_(kof13)(.*)$ https://wiki.basgrospoing.fr/vice-kof13.html [L,R=301]
RewriteRule ^(.*)Viewtiful_Joe_(TvC:UAS)(.*)$ https://wiki.basgrospoing.fr/viewtiful-joe-tvc-uas.html [L,R=301]
RewriteRule ^(.*)Viewtiful_Joe_(UMVC3)(.*)$ https://wiki.basgrospoing.fr/viewtiful-joe-umvc3.html [L,R=301]
RewriteRule ^(.*)Wesker_(UMVC3)(.*)$ https://wiki.basgrospoing.fr/wesker-umvc3.html [L,R=301]
RewriteRule ^(.*)Whip_(2k2um)(.*)$ https://wiki.basgrospoing.fr/whip-2k2um.html [L,R=301]
RewriteRule ^(.*)Whip(.*)$ https://wiki.basgrospoing.fr/whip-2k2um.html [L,R=301]
RewriteRule ^(.*)Windjammers(.*)$ https://wiki.basgrospoing.fr/windjammers.html [L,R=301]
RewriteRule ^(.*)Wolfgang_Krauser_(98um)(.*)$ https://wiki.basgrospoing.fr/wolfgang-krauser-98um.html [L,R=301]
RewriteRule ^(.*)Wolfgang_Krauser_(Fatal_Fury_Special)(.*)$ https://wiki.basgrospoing.fr/wolfgang-krauser-fatal-fury-special.html [L,R=301]
RewriteRule ^(.*)Xiaoyu_(SFxT)(.*)$ https://wiki.basgrospoing.fr/xiaoyu-sfxt.html [L,R=301]
RewriteRule ^(.*)Yamazaki_(2k2um)(.*)$ https://wiki.basgrospoing.fr/yamazaki-2k2um.html [L,R=301]
RewriteRule ^(.*)Yamazaki(.*)$ https://wiki.basgrospoing.fr/yamazaki-2k2um.html [L,R=301]
RewriteRule ^(.*)Yang_(3S)(.*)$ https://wiki.basgrospoing.fr/yang-3s.html [L,R=301]
RewriteRule ^(.*)Yang_(AE)_(SSFIV)(.*)$ https://wiki.basgrospoing.fr/yang-ae-ssfiv.html [L,R=301]
RewriteRule ^(.*)Yang_(SSFIV)(.*)$ https://wiki.basgrospoing.fr/yang-ssfiv.html [L,R=301]
RewriteRule ^(.*)Yashiro_(2k2um)(.*)$ https://wiki.basgrospoing.fr/yashiro-2k2um.html [L,R=301]
RewriteRule ^(.*)Yashiro(.*)$ https://wiki.basgrospoing.fr/yashiro-2k2um.html [L,R=301]
RewriteRule ^(.*)Yashiro_Nanakase_(2k2um)(.*)$ https://wiki.basgrospoing.fr/yashiro-nanakase-2k2um.html [L,R=301]
RewriteRule ^(.*)Yashiro_Nanakase_(98um)(.*)$ https://wiki.basgrospoing.fr/yashiro-nanakase-98um.html [L,R=301]
RewriteRule ^(.*)Yashiro_Nanakase_(KoF_'98)(.*)$ https://wiki.basgrospoing.fr/yashiro-nanakase-kof-98.html [L,R=301]
RewriteRule ^(.*)Yatterman-1_(TvC:UAS)(.*)$ https://wiki.basgrospoing.fr/yatterman-1-tvc-uas.html [L,R=301]
RewriteRule ^(.*)Yatterman-2_(TvC:UAS)(.*)$ https://wiki.basgrospoing.fr/yatterman-2-tvc-uas.html [L,R=301]
RewriteRule ^(.*)Yoshimitsu_(SFxT)(.*)$ https://wiki.basgrospoing.fr/yoshimitsu-sfxt.html [L,R=301]
RewriteRule ^(.*)Yun_(3S)(.*)$ https://wiki.basgrospoing.fr/yun-3s.html [L,R=301]
RewriteRule ^(.*)Yun_(AE)_(SSFIV)(.*)$ https://wiki.basgrospoing.fr/yun-ae-ssfiv.html [L,R=301]
RewriteRule ^(.*)Yun_(SSFIV)(.*)$ https://wiki.basgrospoing.fr/yun-ssfiv.html [L,R=301]
RewriteRule ^(.*)Yuri_(2k2um)(.*)$ https://wiki.basgrospoing.fr/yuri-2k2um.html [L,R=301]
RewriteRule ^(.*)Yuri(.*)$ https://wiki.basgrospoing.fr/yuri-2k2um.html [L,R=301]
RewriteRule ^(.*)Yuri_Sakazaki_(2k2um)(.*)$ https://wiki.basgrospoing.fr/yuri-sakazaki-2k2um.html [L,R=301]
RewriteRule ^(.*)Yuri_Sakazaki_(98um)(.*)$ https://wiki.basgrospoing.fr/yuri-sakazaki-98um.html [L,R=301]
RewriteRule ^(.*)Yuri_Sakazaki_(KoF_'94)_(98um)(.*)$ https://wiki.basgrospoing.fr/yuri-sakazaki-kof-94-98um.html [L,R=301]
RewriteRule ^(.*)Yuri_Sakazaki_(KoF_'94-Era)_(KoF_'98)(.*)$ https://wiki.basgrospoing.fr/yuri-sakazaki-kof-94-era-kof-98.html [L,R=301]
RewriteRule ^(.*)Yuri_Sakazaki_(KoF_'98)(.*)$ https://wiki.basgrospoing.fr/yuri-sakazaki-kof-98.html [L,R=301]
RewriteRule ^(.*)Yuri_Sakazaki_(kof13)(.*)$ https://wiki.basgrospoing.fr/yuri-sakazaki-kof13.html [L,R=301]
RewriteRule ^(.*)Zangief_(2X)(.*)$ https://wiki.basgrospoing.fr/zangief-2x.html [L,R=301]
RewriteRule ^(.*)Zangief_(SFxT)(.*)$ https://wiki.basgrospoing.fr/zangief-sfxt.html [L,R=301]
RewriteRule ^(.*)Zangief_(SSFIV)(.*)$ https://wiki.basgrospoing.fr/zangief-ssfiv.html [L,R=301]
RewriteRule ^(.*)Zero_(TvC:UAS)(.*)$ https://wiki.basgrospoing.fr/zero-tvc-uas.html [L,R=301]
RewriteRule ^(.*)Zero_(UMVC3)(.*)$ https://wiki.basgrospoing.fr/zero-umvc3.html [L,R=301]
RewriteRule ^(.*)Λ_-11-_(BBCS)(.*)$ https://wiki.basgrospoing.fr/l-11-bbcs.html [L,R=301]
RewriteRule ^(.*)Μ_-12-_(BBCS)(.*)$ https://wiki.basgrospoing.fr/m-12-bbcs.html [L,R=301]
